SKU,Date,Demand,Promotion,Holiday
SKU_1,2021-01-31,404,1,0
SKU_1,2021-02-28,210,0,0
SKU_1,2021-03-31,228,0,0
SKU_1,2021-04-30,410,1,0
SKU_1,2021-05-31,283,0,0
SKU_1,2021-06-30,282,0,0
SKU_1,2021-07-31,312,0,0
SKU_1,2021-08-31,264,0,1
SKU_1,2021-09-30,474,1,0
SKU_1,2021-10-31,295,0,0
SKU_1,2021-11-30,260,0,0
SKU_1,2021-12-31,420,0,0
SKU_1,2022-01-31,277,0,0
SKU_1,2022-02-28,269,0,0
SKU_1,2022-03-31,270,0,0
SKU_1,2022-04-30,312,0,1
SKU_1,2022-05-31,281,0,0
SKU_1,2022-06-30,267,0,1
SKU_1,2022-07-31,237,0,0
SKU_1,2022-08-31,218,0,0
SKU_1,2022-09-30,370,1,0
SKU_1,2022-10-31,240,0,0
SKU_1,2022-11-30,268,0,0
SKU_1,2022-12-31,399,0,0
SKU_2,2021-01-31,431,0,0
SKU_2,2021-02-28,371,0,0
SKU_2,2021-03-31,517,1,0
SKU_2,2021-04-30,417,0,0
SKU_2,2021-05-31,396,0,0
SKU_2,2021-06-30,373,0,0
SKU_2,2021-07-31,401,0,0
SKU_2,2021-08-31,421,0,1
SKU_2,2021-09-30,345,0,0
SKU_2,2021-10-31,404,0,0
SKU_2,2021-11-30,343,0,0
SKU_2,2021-12-31,585,0,0
SKU_2,2022-01-31,429,0,0
SKU_2,2022-02-28,401,0,0
SKU_2,2022-03-31,374,0,0
SKU_2,2022-04-30,529,1,0
SKU_2,2022-05-31,416,0,0
SKU_2,2022-06-30,321,0,0
SKU_2,2022-07-31,380,0,0
SKU_2,2022-08-31,400,0,0
SKU_2,2022-09-30,419,0,0
SKU_2,2022-10-31,380,0,0
SKU_2,2022-11-30,336,0,0
SKU_2,2022-12-31,602,0,0
SKU_3,2021-01-31,399,0,1
SKU_3,2021-02-28,362,0,0
SKU_3,2021-03-31,482,1,0
SKU_3,2021-04-30,356,0,0
SKU_3,2021-05-31,382,0,0
SKU_3,2021-06-30,370,0,0
SKU_3,2021-07-31,509,1,0
SKU_3,2021-08-31,449,0,0
SKU_3,2021-09-30,383,0,0
SKU_3,2021-10-31,552,1,1
SKU_3,2021-11-30,391,0,0
SKU_3,2021-12-31,510,0,0
SKU_3,2022-01-31,614,1,0
SKU_3,2022-02-28,634,1,0
SKU_3,2022-03-31,337,0,0
SKU_3,2022-04-30,321,0,0
SKU_3,2022-05-31,579,1,0
SKU_3,2022-06-30,335,0,0
SKU_3,2022-07-31,388,0,0
SKU_3,2022-08-31,674,1,0
SKU_3,2022-09-30,350,0,0
SKU_3,2022-10-31,495,1,0
SKU_3,2022-11-30,448,0,0
SKU_3,2022-12-31,588,0,0
SKU_4,2021-01-31,438,0,0
SKU_4,2021-02-28,423,0,0
SKU_4,2021-03-31,420,0,0
SKU_4,2021-04-30,446,0,0
SKU_4,2021-05-31,359,0,0
SKU_4,2021-06-30,483,0,0
SKU_4,2021-07-31,552,0,1
SKU_4,2021-08-31,504,0,1
SKU_4,2021-09-30,432,0,0
SKU_4,2021-10-31,501,0,1
SKU_4,2021-11-30,507,0,0
SKU_4,2021-12-31,566,0,0
SKU_4,2022-01-31,598,1,0
SKU_4,2022-02-28,484,0,0
SKU_4,2022-03-31,673,1,0
SKU_4,2022-04-30,469,0,1
SKU_4,2022-05-31,543,0,0
SKU_4,2022-06-30,504,0,1
SKU_4,2022-07-31,432,0,0
SKU_4,2022-08-31,451,0,0
SKU_4,2022-09-30,433,0,1
SKU_4,2022-10-31,492,0,0
SKU_4,2022-11-30,530,0,0
SKU_4,2022-12-31,695,0,0
SKU_5,2021-01-31,609,1,0
SKU_5,2021-02-28,425,0,0
SKU_5,2021-03-31,417,0,0
SKU_5,2021-04-30,377,0,0
SKU_5,2021-05-31,420,0,0
SKU_5,2021-06-30,418,0,1
SKU_5,2021-07-31,666,1,0
SKU_5,2021-08-31,391,0,0
SKU_5,2021-09-30,469,1,0
SKU_5,2021-10-31,456,0,0
SKU_5,2021-11-30,442,0,0
SKU_5,2021-12-31,697,0,0
SKU_5,2022-01-31,646,1,0
SKU_5,2022-02-28,438,0,0
SKU_5,2022-03-31,474,0,0
SKU_5,2022-04-30,433,0,0
SKU_5,2022-05-31,574,1,0
SKU_5,2022-06-30,452,0,0
SKU_5,2022-07-31,399,0,0
SKU_5,2022-08-31,348,0,1
SKU_5,2022-09-30,459,0,1
SKU_5,2022-10-31,486,1,1
SKU_5,2022-11-30,365,0,0
SKU_5,2022-12-31,735,0,0
SKU_6,2021-01-31,237,1,0
SKU_6,2021-02-28,162,0,0
SKU_6,2021-03-31,140,0,0
SKU_6,2021-04-30,161,0,0
SKU_6,2021-05-31,159,0,1
SKU_6,2021-06-30,175,0,0
SKU_6,2021-07-31,252,1,0
SKU_6,2021-08-31,249,1,0
SKU_6,2021-09-30,143,0,0
SKU_6,2021-10-31,153,0,0
SKU_6,2021-11-30,171,0,1
SKU_6,2021-12-31,239,0,0
SKU_6,2022-01-31,231,1,0
SKU_6,2022-02-28,161,0,0
SKU_6,2022-03-31,159,0,0
SKU_6,2022-04-30,234,1,0
SKU_6,2022-05-31,138,0,0
SKU_6,2022-06-30,159,0,0
SKU_6,2022-07-31,137,0,0
SKU_6,2022-08-31,155,0,0
SKU_6,2022-09-30,152,0,0
SKU_6,2022-10-31,158,0,0
SKU_6,2022-11-30,143,0,0
SKU_6,2022-12-31,244,0,0
SKU_7,2021-01-31,238,0,0
SKU_7,2021-02-28,180,0,0
SKU_7,2021-03-31,211,0,0
SKU_7,2021-04-30,199,0,0
SKU_7,2021-05-31,209,0,0
SKU_7,2021-06-30,222,0,0
SKU_7,2021-07-31,225,0,0
SKU_7,2021-08-31,303,1,0
SKU_7,2021-09-30,178,0,0
SKU_7,2021-10-31,206,0,0
SKU_7,2021-11-30,200,0,0
SKU_7,2021-12-31,327,0,0
SKU_7,2022-01-31,200,0,0
SKU_7,2022-02-28,247,0,0
SKU_7,2022-03-31,219,0,0
SKU_7,2022-04-30,248,0,0
SKU_7,2022-05-31,298,1,0
SKU_7,2022-06-30,235,0,0
SKU_7,2022-07-31,262,0,0
SKU_7,2022-08-31,235,0,0
SKU_7,2022-09-30,202,0,0
SKU_7,2022-10-31,216,0,0
SKU_7,2022-11-30,328,1,0
SKU_7,2022-12-31,338,0,0
SKU_8,2021-01-31,272,1,0
SKU_8,2021-02-28,191,0,1
SKU_8,2021-03-31,224,0,0
SKU_8,2021-04-30,214,0,0
SKU_8,2021-05-31,211,0,0
SKU_8,2021-06-30,221,0,0
SKU_8,2021-07-31,293,1,0
SKU_8,2021-08-31,221,0,0
SKU_8,2021-09-30,211,0,0
SKU_8,2021-10-31,219,0,0
SKU_8,2021-11-30,336,1,0
SKU_8,2021-12-31,240,0,0
SKU_8,2022-01-31,224,0,1
SKU_8,2022-02-28,314,1,0
SKU_8,2022-03-31,226,0,0
SKU_8,2022-04-30,207,0,0
SKU_8,2022-05-31,185,0,0
SKU_8,2022-06-30,235,0,0
SKU_8,2022-07-31,209,0,0
SKU_8,2022-08-31,202,0,0
SKU_8,2022-09-30,346,1,1
SKU_8,2022-10-31,181,0,0
SKU_8,2022-11-30,205,0,0
SKU_8,2022-12-31,339,0,0
SKU_9,2021-01-31,209,0,0
SKU_9,2021-02-28,228,0,0
SKU_9,2021-03-31,320,1,0
SKU_9,2021-04-30,328,1,0
SKU_9,2021-05-31,192,0,0
SKU_9,2021-06-30,310,1,0
SKU_9,2021-07-31,242,0,0
SKU_9,2021-08-31,240,0,0
SKU_9,2021-09-30,259,1,0
SKU_9,2021-10-31,216,0,0
SKU_9,2021-11-30,280,1,0
SKU_9,2021-12-31,370,1,0
SKU_9,2022-01-31,217,0,0
SKU_9,2022-02-28,201,0,0
SKU_9,2022-03-31,191,0,0
SKU_9,2022-04-30,213,0,1
SKU_9,2022-05-31,246,0,0
SKU_9,2022-06-30,228,0,0
SKU_9,2022-07-31,220,0,0
SKU_9,2022-08-31,341,1,0
SKU_9,2022-09-30,295,1,0
SKU_9,2022-10-31,173,0,0
SKU_9,2022-11-30,226,0,0
SKU_9,2022-12-31,464,1,0
SKU_10,2021-01-31,96,0,0
SKU_10,2021-02-28,122,0,0
SKU_10,2021-03-31,109,0,0
SKU_10,2021-04-30,123,0,0
SKU_10,2021-05-31,126,0,0
SKU_10,2021-06-30,165,1,0
SKU_10,2021-07-31,127,0,0
SKU_10,2021-08-31,91,0,0
SKU_10,2021-09-30,101,0,0
SKU_10,2021-10-31,186,1,0
SKU_10,2021-11-30,201,1,0
SKU_10,2021-12-31,281,1,0
SKU_10,2022-01-31,136,0,0
SKU_10,2022-02-28,216,1,0
SKU_10,2022-03-31,129,0,0
SKU_10,2022-04-30,107,0,0
SKU_10,2022-05-31,164,1,0
SKU_10,2022-06-30,154,1,0
SKU_10,2022-07-31,124,0,0
SKU_10,2022-08-31,98,0,0
SKU_10,2022-09-30,136,0,0
SKU_10,2022-10-31,115,0,0
SKU_10,2022-11-30,135,0,0
SKU_10,2022-12-31,248,1,0
SKU_11,2021-01-31,325,0,0
SKU_11,2021-02-28,375,0,0
SKU_11,2021-03-31,288,0,0
SKU_11,2021-04-30,551,1,0
SKU_11,2021-05-31,548,1,0
SKU_11,2021-06-30,380,0,0
SKU_11,2021-07-31,346,0,0
SKU_11,2021-08-31,316,0,0
SKU_11,2021-09-30,323,0,0
SKU_11,2021-10-31,354,0,0
SKU_11,2021-11-30,556,1,0
SKU_11,2021-12-31,539,0,0
SKU_11,2022-01-31,307,0,0
SKU_11,2022-02-28,350,0,0
SKU_11,2022-03-31,346,0,0
SKU_11,2022-04-30,325,0,0
SKU_11,2022-05-31,340,0,0
SKU_11,2022-06-30,413,0,0
SKU_11,2022-07-31,386,0,0
SKU_11,2022-08-31,346,0,1
SKU_11,2022-09-30,442,1,1
SKU_11,2022-10-31,529,1,0
SKU_11,2022-11-30,278,0,0
SKU_11,2022-12-31,539,0,0
SKU_12,2021-01-31,318,0,1
SKU_12,2021-02-28,294,0,0
SKU_12,2021-03-31,303,0,0
SKU_12,2021-04-30,336,0,0
SKU_12,2021-05-31,353,0,0
SKU_12,2021-06-30,277,0,0
SKU_12,2021-07-31,421,1,0
SKU_12,2021-08-31,309,0,0
SKU_12,2021-09-30,318,0,0
SKU_12,2021-10-31,408,1,0
SKU_12,2021-11-30,497,1,0
SKU_12,2021-12-31,494,0,0
SKU_12,2022-01-31,381,0,0
SKU_12,2022-02-28,308,0,0
SKU_12,2022-03-31,338,0,0
SKU_12,2022-04-30,539,1,0
SKU_12,2022-05-31,294,0,0
SKU_12,2022-06-30,325,0,0
SKU_12,2022-07-31,264,0,0
SKU_12,2022-08-31,329,0,0
SKU_12,2022-09-30,530,1,0
SKU_12,2022-10-31,313,0,0
SKU_12,2022-11-30,326,0,0
SKU_12,2022-12-31,412,0,0
SKU_13,2021-01-31,225,1,0
SKU_13,2021-02-28,133,0,0
SKU_13,2021-03-31,154,0,0
SKU_13,2021-04-30,254,1,0
SKU_13,2021-05-31,143,0,0
SKU_13,2021-06-30,119,0,1
SKU_13,2021-07-31,128,0,1
SKU_13,2021-08-31,158,0,1
SKU_13,2021-09-30,138,0,0
SKU_13,2021-10-31,167,0,1
SKU_13,2021-11-30,242,1,0
SKU_13,2021-12-31,172,0,0
SKU_13,2022-01-31,150,0,0
SKU_13,2022-02-28,183,1,0
SKU_13,2022-03-31,149,0,0
SKU_13,2022-04-30,121,0,0
SKU_13,2022-05-31,146,0,0
SKU_13,2022-06-30,139,0,0
SKU_13,2022-07-31,144,0,0
SKU_13,2022-08-31,101,0,1
SKU_13,2022-09-30,263,1,0
SKU_13,2022-10-31,156,0,0
SKU_13,2022-11-30,166,0,0
SKU_13,2022-12-31,240,0,0
SKU_14,2021-01-31,531,0,0
SKU_14,2021-02-28,381,0,0
SKU_14,2021-03-31,512,0,0
SKU_14,2021-04-30,774,1,1
SKU_14,2021-05-31,463,0,0
SKU_14,2021-06-30,461,0,0
SKU_14,2021-07-31,489,0,0
SKU_14,2021-08-31,459,0,0
SKU_14,2021-09-30,499,0,0
SKU_14,2021-10-31,519,0,0
SKU_14,2021-11-30,737,1,0
SKU_14,2021-12-31,813,0,0
SKU_14,2022-01-31,508,0,0
SKU_14,2022-02-28,464,0,0
SKU_14,2022-03-31,401,0,0
SKU_14,2022-04-30,412,0,0
SKU_14,2022-05-31,503,0,0
SKU_14,2022-06-30,468,0,1
SKU_14,2022-07-31,706,1,0
SKU_14,2022-08-31,574,0,0
SKU_14,2022-09-30,472,0,0
SKU_14,2022-10-31,516,0,0
SKU_14,2022-11-30,516,0,0
SKU_14,2022-12-31,763,0,0
SKU_15,2021-01-31,599,1,0
SKU_15,2021-02-28,453,0,0
SKU_15,2021-03-31,412,0,0
SKU_15,2021-04-30,370,0,0
SKU_15,2021-05-31,361,0,0
SKU_15,2021-06-30,596,1,0
SKU_15,2021-07-31,363,0,0
SKU_15,2021-08-31,408,0,0
SKU_15,2021-09-30,370,0,0
SKU_15,2021-10-31,354,0,0
SKU_15,2021-11-30,356,0,0
SKU_15,2021-12-31,612,0,0
SKU_15,2022-01-31,358,0,0
SKU_15,2022-02-28,432,0,0
SKU_15,2022-03-31,323,0,0
SKU_15,2022-04-30,369,0,0
SKU_15,2022-05-31,384,0,0
SKU_15,2022-06-30,384,0,0
SKU_15,2022-07-31,420,0,0
SKU_15,2022-08-31,353,0,0
SKU_15,2022-09-30,372,0,1
SKU_15,2022-10-31,354,0,0
SKU_15,2022-11-30,423,0,0
SKU_15,2022-12-31,621,0,0
SKU_16,2021-01-31,546,1,0
SKU_16,2021-02-28,348,0,0
SKU_16,2021-03-31,326,0,0
SKU_16,2021-04-30,552,1,1
SKU_16,2021-05-31,275,0,0
SKU_16,2021-06-30,335,0,0
SKU_16,2021-07-31,315,0,1
SKU_16,2021-08-31,290,0,0
SKU_16,2021-09-30,336,0,0
SKU_16,2021-10-31,329,0,0
SKU_16,2021-11-30,307,0,0
SKU_16,2021-12-31,387,0,0
SKU_16,2022-01-31,332,0,0
SKU_16,2022-02-28,357,0,0
SKU_16,2022-03-31,296,0,1
SKU_16,2022-04-30,342,0,0
SKU_16,2022-05-31,280,0,0
SKU_16,2022-06-30,309,0,0
SKU_16,2022-07-31,342,0,0
SKU_16,2022-08-31,356,0,0
SKU_16,2022-09-30,482,1,0
SKU_16,2022-10-31,328,0,0
SKU_16,2022-11-30,321,0,0
SKU_16,2022-12-31,437,0,0
SKU_17,2021-01-31,380,0,0
SKU_17,2021-02-28,390,0,0
SKU_17,2021-03-31,419,0,0
SKU_17,2021-04-30,310,0,0
SKU_17,2021-05-31,338,0,0
SKU_17,2021-06-30,310,0,0
SKU_17,2021-07-31,367,0,0
SKU_17,2021-08-31,360,0,0
SKU_17,2021-09-30,443,1,0
SKU_17,2021-10-31,598,1,0
SKU_17,2021-11-30,368,0,0
SKU_17,2021-12-31,577,0,0
SKU_17,2022-01-31,436,0,0
SKU_17,2022-02-28,403,0,0
SKU_17,2022-03-31,428,0,0
SKU_17,2022-04-30,327,0,0
SKU_17,2022-05-31,364,0,0
SKU_17,2022-06-30,294,0,0
SKU_17,2022-07-31,402,0,0
SKU_17,2022-08-31,463,0,0
SKU_17,2022-09-30,327,0,0
SKU_17,2022-10-31,325,0,0
SKU_17,2022-11-30,393,0,0
SKU_17,2022-12-31,554,0,0
SKU_18,2021-01-31,271,0,0
SKU_18,2021-02-28,292,0,0
SKU_18,2021-03-31,237,0,0
SKU_18,2021-04-30,398,1,0
SKU_18,2021-05-31,320,0,0
SKU_18,2021-06-30,283,0,0
SKU_18,2021-07-31,423,1,0
SKU_18,2021-08-31,337,0,0
SKU_18,2021-09-30,251,0,0
SKU_18,2021-10-31,271,0,0
SKU_18,2021-11-30,463,1,0
SKU_18,2021-12-31,457,0,0
SKU_18,2022-01-31,341,1,0
SKU_18,2022-02-28,353,1,0
SKU_18,2022-03-31,285,0,0
SKU_18,2022-04-30,275,0,0
SKU_18,2022-05-31,303,0,0
SKU_18,2022-06-30,277,0,0
SKU_18,2022-07-31,291,0,0
SKU_18,2022-08-31,423,1,0
SKU_18,2022-09-30,285,0,0
SKU_18,2022-10-31,323,0,0
SKU_18,2022-11-30,301,0,0
SKU_18,2022-12-31,577,1,0
SKU_19,2021-01-31,359,0,1
SKU_19,2021-02-28,343,0,0
SKU_19,2021-03-31,330,0,0
SKU_19,2021-04-30,480,1,1
SKU_19,2021-05-31,314,0,0
SKU_19,2021-06-30,322,0,0
SKU_19,2021-07-31,337,0,0
SKU_19,2021-08-31,287,0,0
SKU_19,2021-09-30,403,0,0
SKU_19,2021-10-31,366,0,0
SKU_19,2021-11-30,275,0,0
SKU_19,2021-12-31,450,0,0
SKU_19,2022-01-31,333,0,0
SKU_19,2022-02-28,293,0,0
SKU_19,2022-03-31,410,1,0
SKU_19,2022-04-30,301,0,1
SKU_19,2022-05-31,317,0,0
SKU_19,2022-06-30,314,0,0
SKU_19,2022-07-31,473,1,0
SKU_19,2022-08-31,336,0,0
SKU_19,2022-09-30,330,0,0
SKU_19,2022-10-31,303,0,0
SKU_19,2022-11-30,332,0,0
SKU_19,2022-12-31,668,1,0
SKU_20,2021-01-31,399,0,0
SKU_20,2021-02-28,344,0,0
SKU_20,2021-03-31,641,1,0
SKU_20,2021-04-30,609,1,0
SKU_20,2021-05-31,586,1,0
SKU_20,2021-06-30,360,0,0
SKU_20,2021-07-31,367,0,0
SKU_20,2021-08-31,640,1,0
SKU_20,2021-09-30,417,0,0
SKU_20,2021-10-31,364,0,0
SKU_20,2021-11-30,408,0,0
SKU_20,2021-12-31,816,1,0
SKU_20,2022-01-31,493,1,0
SKU_20,2022-02-28,556,1,0
SKU_20,2022-03-31,566,1,0
SKU_20,2022-04-30,405,0,0
SKU_20,2022-05-31,373,0,0
SKU_20,2022-06-30,360,0,0
SKU_20,2022-07-31,549,1,1
SKU_20,2022-08-31,297,0,0
SKU_20,2022-09-30,362,0,0
SKU_20,2022-10-31,710,1,0
SKU_20,2022-11-30,542,1,0
SKU_20,2022-12-31,539,0,0
SKU_21,2021-01-31,356,0,0
SKU_21,2021-02-28,294,0,0
SKU_21,2021-03-31,306,0,0
SKU_21,2021-04-30,286,0,0
SKU_21,2021-05-31,376,0,0
SKU_21,2021-06-30,335,0,0
SKU_21,2021-07-31,340,0,0
SKU_21,2021-08-31,490,1,0
SKU_21,2021-09-30,358,0,0
SKU_21,2021-10-31,299,0,0
SKU_21,2021-11-30,370,0,0
SKU_21,2021-12-31,479,0,0
SKU_21,2022-01-31,346,0,0
SKU_21,2022-02-28,359,0,0
SKU_21,2022-03-31,494,1,0
SKU_21,2022-04-30,275,0,1
SKU_21,2022-05-31,277,0,0
SKU_21,2022-06-30,439,1,0
SKU_21,2022-07-31,298,0,0
SKU_21,2022-08-31,323,0,0
SKU_21,2022-09-30,336,0,0
SKU_21,2022-10-31,360,0,0
SKU_21,2022-11-30,327,0,0
SKU_21,2022-12-31,618,0,0
SKU_22,2021-01-31,458,0,0
SKU_22,2021-02-28,438,0,0
SKU_22,2021-03-31,754,1,0
SKU_22,2021-04-30,487,0,0
SKU_22,2021-05-31,474,0,0
SKU_22,2021-06-30,447,0,0
SKU_22,2021-07-31,445,0,1
SKU_22,2021-08-31,485,0,0
SKU_22,2021-09-30,477,0,0
SKU_22,2021-10-31,735,1,0
SKU_22,2021-11-30,436,0,0
SKU_22,2021-12-31,627,0,0
SKU_22,2022-01-31,437,0,0
SKU_22,2022-02-28,478,0,0
SKU_22,2022-03-31,369,0,0
SKU_22,2022-04-30,401,0,0
SKU_22,2022-05-31,449,0,0
SKU_22,2022-06-30,530,0,0
SKU_22,2022-07-31,426,0,0
SKU_22,2022-08-31,669,1,0
SKU_22,2022-09-30,464,0,0
SKU_22,2022-10-31,441,0,0
SKU_22,2022-11-30,440,0,0
SKU_22,2022-12-31,624,0,0
SKU_23,2021-01-31,296,0,0
SKU_23,2021-02-28,492,1,0
SKU_23,2021-03-31,294,0,0
SKU_23,2021-04-30,253,0,0
SKU_23,2021-05-31,297,0,0
SKU_23,2021-06-30,440,1,0
SKU_23,2021-07-31,367,0,0
SKU_23,2021-08-31,297,0,0
SKU_23,2021-09-30,295,0,1
SKU_23,2021-10-31,252,0,0
SKU_23,2021-11-30,337,0,0
SKU_23,2021-12-31,473,0,0
SKU_23,2022-01-31,431,1,0
SKU_23,2022-02-28,260,0,1
SKU_23,2022-03-31,333,0,0
SKU_23,2022-04-30,269,0,0
SKU_23,2022-05-31,300,0,0
SKU_23,2022-06-30,337,0,0
SKU_23,2022-07-31,251,0,0
SKU_23,2022-08-31,279,0,0
SKU_23,2022-09-30,311,0,0
SKU_23,2022-10-31,518,1,0
SKU_23,2022-11-30,247,0,0
SKU_23,2022-12-31,449,0,0
SKU_24,2021-01-31,202,0,0
SKU_24,2021-02-28,155,0,0
SKU_24,2021-03-31,197,0,0
SKU_24,2021-04-30,154,0,0
SKU_24,2021-05-31,165,0,0
SKU_24,2021-06-30,265,1,0
SKU_24,2021-07-31,215,0,0
SKU_24,2021-08-31,181,0,0
SKU_24,2021-09-30,170,0,0
SKU_24,2021-10-31,295,1,0
SKU_24,2021-11-30,288,1,0
SKU_24,2021-12-31,293,0,0
SKU_24,2022-01-31,175,0,0
SKU_24,2022-02-28,190,0,0
SKU_24,2022-03-31,157,0,1
SKU_24,2022-04-30,151,0,0
SKU_24,2022-05-31,167,0,0
SKU_24,2022-06-30,175,0,0
SKU_24,2022-07-31,308,1,1
SKU_24,2022-08-31,154,0,0
SKU_24,2022-09-30,143,0,0
SKU_24,2022-10-31,184,0,0
SKU_24,2022-11-30,258,1,0
SKU_24,2022-12-31,234,0,0
SKU_25,2021-01-31,400,0,0
SKU_25,2021-02-28,486,0,0
SKU_25,2021-03-31,458,0,0
SKU_25,2021-04-30,730,1,0
SKU_25,2021-05-31,586,1,0
SKU_25,2021-06-30,495,0,0
SKU_25,2021-07-31,458,0,0
SKU_25,2021-08-31,464,0,0
SKU_25,2021-09-30,392,0,0
SKU_25,2021-10-31,403,0,0
SKU_25,2021-11-30,759,1,0
SKU_25,2021-12-31,962,1,0
SKU_25,2022-01-31,477,0,0
SKU_25,2022-02-28,386,0,0
SKU_25,2022-03-31,376,0,0
SKU_25,2022-04-30,664,1,0
SKU_25,2022-05-31,443,0,0
SKU_25,2022-06-30,792,1,0
SKU_25,2022-07-31,413,0,0
SKU_25,2022-08-31,426,0,0
SKU_25,2022-09-30,431,0,0
SKU_25,2022-10-31,443,0,1
SKU_25,2022-11-30,497,0,0
SKU_25,2022-12-31,584,0,0
SKU_26,2021-01-31,301,0,0
SKU_26,2021-02-28,541,1,1
SKU_26,2021-03-31,413,0,0
SKU_26,2021-04-30,419,0,1
SKU_26,2021-05-31,410,0,0
SKU_26,2021-06-30,622,1,0
SKU_26,2021-07-31,359,0,0
SKU_26,2021-08-31,384,0,0
SKU_26,2021-09-30,389,0,0
SKU_26,2021-10-31,440,0,0
SKU_26,2021-11-30,357,0,0
SKU_26,2021-12-31,491,0,0
SKU_26,2022-01-31,354,0,0
SKU_26,2022-02-28,340,0,0
SKU_26,2022-03-31,331,0,0
SKU_26,2022-04-30,607,1,0
SKU_26,2022-05-31,311,0,0
SKU_26,2022-06-30,412,0,0
SKU_26,2022-07-31,300,0,0
SKU_26,2022-08-31,380,0,0
SKU_26,2022-09-30,423,0,0
SKU_26,2022-10-31,472,0,0
SKU_26,2022-11-30,382,0,0
SKU_26,2022-12-31,922,1,0
SKU_27,2021-01-31,245,1,0
SKU_27,2021-02-28,268,0,0
SKU_27,2021-03-31,242,0,0
SKU_27,2021-04-30,226,0,0
SKU_27,2021-05-31,246,0,1
SKU_27,2021-06-30,257,0,0
SKU_27,2021-07-31,252,0,0
SKU_27,2021-08-31,258,0,0
SKU_27,2021-09-30,263,0,1
SKU_27,2021-10-31,253,0,1
SKU_27,2021-11-30,235,0,0
SKU_27,2021-12-31,508,1,0
SKU_27,2022-01-31,262,0,1
SKU_27,2022-02-28,252,0,0
SKU_27,2022-03-31,406,1,0
SKU_27,2022-04-30,260,0,0
SKU_27,2022-05-31,241,0,1
SKU_27,2022-06-30,285,0,0
SKU_27,2022-07-31,227,0,0
SKU_27,2022-08-31,328,1,0
SKU_27,2022-09-30,373,1,0
SKU_27,2022-10-31,245,0,0
SKU_27,2022-11-30,245,0,0
SKU_27,2022-12-31,369,0,0
SKU_28,2021-01-31,406,0,0
SKU_28,2021-02-28,379,0,0
SKU_28,2021-03-31,346,0,1
SKU_28,2021-04-30,448,0,0
SKU_28,2021-05-31,439,0,0
SKU_28,2021-06-30,554,1,0
SKU_28,2021-07-31,352,0,0
SKU_28,2021-08-31,405,0,0
SKU_28,2021-09-30,498,1,0
SKU_28,2021-10-31,414,0,0
SKU_28,2021-11-30,423,0,1
SKU_28,2021-12-31,666,0,0
SKU_28,2022-01-31,399,0,0
SKU_28,2022-02-28,385,0,0
SKU_28,2022-03-31,413,0,0
SKU_28,2022-04-30,355,0,0
SKU_28,2022-05-31,389,0,0
SKU_28,2022-06-30,353,0,0
SKU_28,2022-07-31,356,0,0
SKU_28,2022-08-31,404,0,0
SKU_28,2022-09-30,339,0,0
SKU_28,2022-10-31,437,0,1
SKU_28,2022-11-30,342,0,0
SKU_28,2022-12-31,471,0,0
SKU_29,2021-01-31,480,0,0
SKU_29,2021-02-28,444,0,0
SKU_29,2021-03-31,489,0,1
SKU_29,2021-04-30,429,0,0
SKU_29,2021-05-31,508,0,0
SKU_29,2021-06-30,416,0,0
SKU_29,2021-07-31,445,0,0
SKU_29,2021-08-31,421,0,0
SKU_29,2021-09-30,374,0,0
SKU_29,2021-10-31,472,0,0
SKU_29,2021-11-30,333,0,1
SKU_29,2021-12-31,625,0,0
SKU_29,2022-01-31,404,0,0
SKU_29,2022-02-28,345,0,0
SKU_29,2022-03-31,405,0,0
SKU_29,2022-04-30,472,0,0
SKU_29,2022-05-31,571,1,0
SKU_29,2022-06-30,478,0,0
SKU_29,2022-07-31,608,1,0
SKU_29,2022-08-31,430,0,0
SKU_29,2022-09-30,392,0,0
SKU_29,2022-10-31,602,1,0
SKU_29,2022-11-30,451,0,1
SKU_29,2022-12-31,663,0,0
SKU_30,2021-01-31,291,0,0
SKU_30,2021-02-28,310,0,0
SKU_30,2021-03-31,331,0,0
SKU_30,2021-04-30,293,0,0
SKU_30,2021-05-31,295,0,0
SKU_30,2021-06-30,355,0,0
SKU_30,2021-07-31,302,0,0
SKU_30,2021-08-31,305,0,0
SKU_30,2021-09-30,339,0,0
SKU_30,2021-10-31,356,0,0
SKU_30,2021-11-30,360,0,0
SKU_30,2021-12-31,548,0,0
SKU_30,2022-01-31,301,0,1
SKU_30,2022-02-28,308,0,1
SKU_30,2022-03-31,277,0,0
SKU_30,2022-04-30,315,0,0
SKU_30,2022-05-31,326,0,0
SKU_30,2022-06-30,309,0,0
SKU_30,2022-07-31,495,1,0
SKU_30,2022-08-31,270,0,0
SKU_30,2022-09-30,337,0,0
SKU_30,2022-10-31,432,1,0
SKU_30,2022-11-30,315,0,0
SKU_30,2022-12-31,825,1,0
SKU_31,2021-01-31,287,1,0
SKU_31,2021-02-28,169,0,0
SKU_31,2021-03-31,194,0,0
SKU_31,2021-04-30,280,1,0
SKU_31,2021-05-31,339,1,1
SKU_31,2021-06-30,280,1,1
SKU_31,2021-07-31,200,0,0
SKU_31,2021-08-31,196,0,0
SKU_31,2021-09-30,178,0,0
SKU_31,2021-10-31,257,1,0
SKU_31,2021-11-30,181,0,0
SKU_31,2021-12-31,287,0,0
SKU_31,2022-01-31,192,0,0
SKU_31,2022-02-28,200,0,0
SKU_31,2022-03-31,216,0,0
SKU_31,2022-04-30,228,0,0
SKU_31,2022-05-31,308,1,0
SKU_31,2022-06-30,346,1,0
SKU_31,2022-07-31,209,0,0
SKU_31,2022-08-31,305,1,1
SKU_31,2022-09-30,186,0,0
SKU_31,2022-10-31,200,0,0
SKU_31,2022-11-30,280,1,0
SKU_31,2022-12-31,496,1,0
SKU_32,2021-01-31,213,1,0
SKU_32,2021-02-28,173,0,0
SKU_32,2021-03-31,175,0,0
SKU_32,2021-04-30,173,0,0
SKU_32,2021-05-31,156,0,0
SKU_32,2021-06-30,190,0,0
SKU_32,2021-07-31,195,0,0
SKU_32,2021-08-31,163,0,0
SKU_32,2021-09-30,167,0,0
SKU_32,2021-10-31,261,1,1
SKU_32,2021-11-30,277,1,0
SKU_32,2021-12-31,249,0,0
SKU_32,2022-01-31,199,0,0
SKU_32,2022-02-28,172,0,0
SKU_32,2022-03-31,252,1,0
SKU_32,2022-04-30,179,0,0
SKU_32,2022-05-31,159,0,0
SKU_32,2022-06-30,176,0,0
SKU_32,2022-07-31,180,0,0
SKU_32,2022-08-31,170,0,0
SKU_32,2022-09-30,191,0,0
SKU_32,2022-10-31,183,0,0
SKU_32,2022-11-30,181,0,1
SKU_32,2022-12-31,358,1,0
SKU_33,2021-01-31,305,0,0
SKU_33,2021-02-28,365,1,0
SKU_33,2021-03-31,296,0,0
SKU_33,2021-04-30,280,0,0
SKU_33,2021-05-31,301,0,0
SKU_33,2021-06-30,463,1,0
SKU_33,2021-07-31,335,0,0
SKU_33,2021-08-31,279,0,0
SKU_33,2021-09-30,264,0,0
SKU_33,2021-10-31,221,0,0
SKU_33,2021-11-30,304,0,1
SKU_33,2021-12-31,576,1,0
SKU_33,2022-01-31,429,1,0
SKU_33,2022-02-28,300,0,0
SKU_33,2022-03-31,339,0,0
SKU_33,2022-04-30,278,0,1
SKU_33,2022-05-31,293,0,0
SKU_33,2022-06-30,251,0,1
SKU_33,2022-07-31,258,0,0
SKU_33,2022-08-31,275,0,0
SKU_33,2022-09-30,263,0,0
SKU_33,2022-10-31,246,0,0
SKU_33,2022-11-30,442,1,0
SKU_33,2022-12-31,593,1,0
SKU_34,2021-01-31,243,1,0
SKU_34,2021-02-28,184,0,0
SKU_34,2021-03-31,187,0,0
SKU_34,2021-04-30,155,0,0
SKU_34,2021-05-31,194,0,0
SKU_34,2021-06-30,162,0,0
SKU_34,2021-07-31,159,0,0
SKU_34,2021-08-31,173,0,0
SKU_34,2021-09-30,191,0,0
SKU_34,2021-10-31,174,0,0
SKU_34,2021-11-30,185,0,0
SKU_34,2021-12-31,267,0,0
SKU_34,2022-01-31,199,0,0
SKU_34,2022-02-28,244,1,0
SKU_34,2022-03-31,182,0,0
SKU_34,2022-04-30,188,0,0
SKU_34,2022-05-31,154,0,0
SKU_34,2022-06-30,169,0,0
SKU_34,2022-07-31,161,0,0
SKU_34,2022-08-31,153,0,0
SKU_34,2022-09-30,236,1,1
SKU_34,2022-10-31,186,0,1
SKU_34,2022-11-30,170,0,1
SKU_34,2022-12-31,247,0,0
SKU_35,2021-01-31,356,0,0
SKU_35,2021-02-28,370,0,0
SKU_35,2021-03-31,399,0,0
SKU_35,2021-04-30,658,1,0
SKU_35,2021-05-31,382,0,0
SKU_35,2021-06-30,372,0,0
SKU_35,2021-07-31,359,0,0
SKU_35,2021-08-31,405,0,0
SKU_35,2021-09-30,386,0,0
SKU_35,2021-10-31,418,0,0
SKU_35,2021-11-30,618,1,0
SKU_35,2021-12-31,570,0,0
SKU_35,2022-01-31,591,1,0
SKU_35,2022-02-28,428,0,0
SKU_35,2022-03-31,419,0,0
SKU_35,2022-04-30,406,0,0
SKU_35,2022-05-31,615,1,0
SKU_35,2022-06-30,356,0,0
SKU_35,2022-07-31,423,0,0
SKU_35,2022-08-31,359,0,0
SKU_35,2022-09-30,392,0,0
SKU_35,2022-10-31,334,0,0
SKU_35,2022-11-30,403,0,0
SKU_35,2022-12-31,629,0,0
SKU_36,2021-01-31,604,1,0
SKU_36,2021-02-28,576,1,0
SKU_36,2021-03-31,410,0,0
SKU_36,2021-04-30,712,1,0
SKU_36,2021-05-31,452,0,0
SKU_36,2021-06-30,423,0,0
SKU_36,2021-07-31,668,1,0
SKU_36,2021-08-31,388,0,0
SKU_36,2021-09-30,758,1,0
SKU_36,2021-10-31,536,0,0
SKU_36,2021-11-30,381,0,0
SKU_36,2021-12-31,748,0,0
SKU_36,2022-01-31,393,0,0
SKU_36,2022-02-28,587,1,0
SKU_36,2022-03-31,459,0,1
SKU_36,2022-04-30,442,0,1
SKU_36,2022-05-31,405,0,0
SKU_36,2022-06-30,355,0,0
SKU_36,2022-07-31,389,0,1
SKU_36,2022-08-31,402,0,0
SKU_36,2022-09-30,608,1,0
SKU_36,2022-10-31,415,0,0
SKU_36,2022-11-30,580,1,0
SKU_36,2022-12-31,963,1,0
SKU_37,2021-01-31,262,0,0
SKU_37,2021-02-28,252,0,0
SKU_37,2021-03-31,295,0,0
SKU_37,2021-04-30,283,0,0
SKU_37,2021-05-31,226,0,0
SKU_37,2021-06-30,247,0,0
SKU_37,2021-07-31,268,0,0
SKU_37,2021-08-31,283,0,1
SKU_37,2021-09-30,381,1,0
SKU_37,2021-10-31,234,0,1
SKU_37,2021-11-30,347,0,0
SKU_37,2021-12-31,401,0,0
SKU_37,2022-01-31,280,0,0
SKU_37,2022-02-28,324,0,0
SKU_37,2022-03-31,285,0,0
SKU_37,2022-04-30,310,0,0
SKU_37,2022-05-31,418,1,0
SKU_37,2022-06-30,233,0,0
SKU_37,2022-07-31,293,0,0
SKU_37,2022-08-31,239,0,0
SKU_37,2022-09-30,429,1,0
SKU_37,2022-10-31,274,0,1
SKU_37,2022-11-30,415,1,0
SKU_37,2022-12-31,644,1,0
SKU_38,2021-01-31,355,0,0
SKU_38,2021-02-28,848,1,0
SKU_38,2021-03-31,398,0,0
SKU_38,2021-04-30,349,0,0
SKU_38,2021-05-31,756,1,1
SKU_38,2021-06-30,563,0,1
SKU_38,2021-07-31,503,0,0
SKU_38,2021-08-31,724,1,0
SKU_38,2021-09-30,786,1,1
SKU_38,2021-10-31,738,1,0
SKU_38,2021-11-30,445,0,0
SKU_38,2021-12-31,657,0,0
SKU_38,2022-01-31,449,0,0
SKU_38,2022-02-28,550,0,0
SKU_38,2022-03-31,453,0,0
SKU_38,2022-04-30,504,0,0
SKU_38,2022-05-31,513,0,0
SKU_38,2022-06-30,405,0,1
SKU_38,2022-07-31,480,0,0
SKU_38,2022-08-31,415,0,0
SKU_38,2022-09-30,410,0,0
SKU_38,2022-10-31,450,0,0
SKU_38,2022-11-30,494,0,0
SKU_38,2022-12-31,1072,1,0
SKU_39,2021-01-31,487,1,0
SKU_39,2021-02-28,308,0,1
SKU_39,2021-03-31,350,0,0
SKU_39,2021-04-30,265,0,0
SKU_39,2021-05-31,405,1,0
SKU_39,2021-06-30,315,0,0
SKU_39,2021-07-31,327,0,0
SKU_39,2021-08-31,340,0,0
SKU_39,2021-09-30,410,1,0
SKU_39,2021-10-31,497,1,0
SKU_39,2021-11-30,284,0,0
SKU_39,2021-12-31,416,0,0
SKU_39,2022-01-31,331,0,0
SKU_39,2022-02-28,333,0,0
SKU_39,2022-03-31,478,1,0
SKU_39,2022-04-30,261,0,0
SKU_39,2022-05-31,280,0,0
SKU_39,2022-06-30,359,0,0
SKU_39,2022-07-31,276,0,0
SKU_39,2022-08-31,276,0,0
SKU_39,2022-09-30,481,1,0
SKU_39,2022-10-31,301,0,0
SKU_39,2022-11-30,288,0,0
SKU_39,2022-12-31,427,0,1
SKU_40,2021-01-31,640,1,0
SKU_40,2021-02-28,425,0,0
SKU_40,2021-03-31,535,0,1
SKU_40,2021-04-30,499,0,0
SKU_40,2021-05-31,418,0,0
SKU_40,2021-06-30,554,0,0
SKU_40,2021-07-31,470,0,0
SKU_40,2021-08-31,459,0,0
SKU_40,2021-09-30,447,0,0
SKU_40,2021-10-31,497,0,0
SKU_40,2021-11-30,796,1,0
SKU_40,2021-12-31,1071,1,0
SKU_40,2022-01-31,739,1,0
SKU_40,2022-02-28,475,0,0
SKU_40,2022-03-31,532,0,0
SKU_40,2022-04-30,416,0,0
SKU_40,2022-05-31,500,0,0
SKU_40,2022-06-30,489,0,1
SKU_40,2022-07-31,504,0,0
SKU_40,2022-08-31,455,0,0
SKU_40,2022-09-30,467,0,0
SKU_40,2022-10-31,450,0,0
SKU_40,2022-11-30,454,0,0
SKU_40,2022-12-31,772,0,0
SKU_41,2021-01-31,175,0,0
SKU_41,2021-02-28,182,0,0
SKU_41,2021-03-31,316,1,1
SKU_41,2021-04-30,260,1,0
SKU_41,2021-05-31,228,1,0
SKU_41,2021-06-30,139,0,0
SKU_41,2021-07-31,211,0,0
SKU_41,2021-08-31,188,0,0
SKU_41,2021-09-30,185,0,0
SKU_41,2021-10-31,177,0,0
SKU_41,2021-11-30,176,0,0
SKU_41,2021-12-31,219,0,0
SKU_41,2022-01-31,208,0,0
SKU_41,2022-02-28,175,0,0
SKU_41,2022-03-31,265,1,0
SKU_41,2022-04-30,190,0,0
SKU_41,2022-05-31,229,0,0
SKU_41,2022-06-30,171,0,0
SKU_41,2022-07-31,291,1,0
SKU_41,2022-08-31,168,0,0
SKU_41,2022-09-30,158,0,0
SKU_41,2022-10-31,191,0,0
SKU_41,2022-11-30,196,0,1
SKU_41,2022-12-31,413,1,0
SKU_42,2021-01-31,647,1,1
SKU_42,2021-02-28,454,0,0
SKU_42,2021-03-31,695,1,0
SKU_42,2021-04-30,469,0,0
SKU_42,2021-05-31,487,0,0
SKU_42,2021-06-30,476,0,0
SKU_42,2021-07-31,410,0,0
SKU_42,2021-08-31,481,0,0
SKU_42,2021-09-30,473,0,0
SKU_42,2021-10-31,459,0,0
SKU_42,2021-11-30,464,0,0
SKU_42,2021-12-31,784,0,0
SKU_42,2022-01-31,452,0,0
SKU_42,2022-02-28,519,0,0
SKU_42,2022-03-31,858,1,0
SKU_42,2022-04-30,477,0,1
SKU_42,2022-05-31,455,0,0
SKU_42,2022-06-30,460,0,0
SKU_42,2022-07-31,436,0,0
SKU_42,2022-08-31,430,0,0
SKU_42,2022-09-30,545,0,0
SKU_42,2022-10-31,491,0,0
SKU_42,2022-11-30,697,1,0
SKU_42,2022-12-31,1123,1,0
SKU_43,2021-01-31,99,0,0
SKU_43,2021-02-28,114,0,0
SKU_43,2021-03-31,134,0,0
SKU_43,2021-04-30,127,0,0
SKU_43,2021-05-31,100,0,1
SKU_43,2021-06-30,103,0,0
SKU_43,2021-07-31,115,0,0
SKU_43,2021-08-31,111,0,0
SKU_43,2021-09-30,98,0,0
SKU_43,2021-10-31,115,0,0
SKU_43,2021-11-30,99,0,0
SKU_43,2021-12-31,149,0,0
SKU_43,2022-01-31,170,1,0
SKU_43,2022-02-28,120,0,0
SKU_43,2022-03-31,134,0,0
SKU_43,2022-04-30,86,0,0
SKU_43,2022-05-31,116,0,0
SKU_43,2022-06-30,183,1,0
SKU_43,2022-07-31,96,0,0
SKU_43,2022-08-31,91,0,0
SKU_43,2022-09-30,97,0,0
SKU_43,2022-10-31,132,0,0
SKU_43,2022-11-30,172,1,1
SKU_43,2022-12-31,185,0,0
SKU_44,2021-01-31,209,0,0
SKU_44,2021-02-28,327,1,0
SKU_44,2021-03-31,218,0,0
SKU_44,2021-04-30,200,0,0
SKU_44,2021-05-31,197,0,0
SKU_44,2021-06-30,242,0,0
SKU_44,2021-07-31,225,0,0
SKU_44,2021-08-31,207,0,1
SKU_44,2021-09-30,210,0,0
SKU_44,2021-10-31,206,0,0
SKU_44,2021-11-30,282,1,0
SKU_44,2021-12-31,504,1,0
SKU_44,2022-01-31,182,0,0
SKU_44,2022-02-28,253,0,0
SKU_44,2022-03-31,212,0,0
SKU_44,2022-04-30,219,0,0
SKU_44,2022-05-31,219,0,0
SKU_44,2022-06-30,198,0,0
SKU_44,2022-07-31,220,0,0
SKU_44,2022-08-31,217,0,0
SKU_44,2022-09-30,209,0,0
SKU_44,2022-10-31,194,0,0
SKU_44,2022-11-30,238,0,0
SKU_44,2022-12-31,325,0,0
SKU_45,2021-01-31,272,1,0
SKU_45,2021-02-28,298,1,0
SKU_45,2021-03-31,197,0,0
SKU_45,2021-04-30,187,0,0
SKU_45,2021-05-31,197,0,0
SKU_45,2021-06-30,188,0,0
SKU_45,2021-07-31,310,1,0
SKU_45,2021-08-31,200,0,0
SKU_45,2021-09-30,191,0,0
SKU_45,2021-10-31,374,1,0
SKU_45,2021-11-30,180,0,0
SKU_45,2021-12-31,329,0,0
SKU_45,2022-01-31,228,0,0
SKU_45,2022-02-28,290,1,0
SKU_45,2022-03-31,331,1,0
SKU_45,2022-04-30,216,0,0
SKU_45,2022-05-31,206,0,0
SKU_45,2022-06-30,335,1,1
SKU_45,2022-07-31,225,0,0
SKU_45,2022-08-31,257,1,0
SKU_45,2022-09-30,221,0,0
SKU_45,2022-10-31,234,0,0
SKU_45,2022-11-30,181,0,0
SKU_45,2022-12-31,343,0,0
SKU_46,2021-01-31,106,0,0
SKU_46,2021-02-28,117,0,0
SKU_46,2021-03-31,122,0,0
SKU_46,2021-04-30,160,1,0
SKU_46,2021-05-31,107,0,1
SKU_46,2021-06-30,94,0,0
SKU_46,2021-07-31,88,0,0
SKU_46,2021-08-31,162,1,0
SKU_46,2021-09-30,106,0,0
SKU_46,2021-10-31,169,1,0
SKU_46,2021-11-30,107,0,0
SKU_46,2021-12-31,152,0,0
SKU_46,2022-01-31,95,0,0
SKU_46,2022-02-28,116,0,0
SKU_46,2022-03-31,108,0,0
SKU_46,2022-04-30,101,0,1
SKU_46,2022-05-31,108,0,0
SKU_46,2022-06-30,111,0,0
SKU_46,2022-07-31,102,0,1
SKU_46,2022-08-31,158,1,0
SKU_46,2022-09-30,100,0,1
SKU_46,2022-10-31,116,0,0
SKU_46,2022-11-30,105,0,0
SKU_46,2022-12-31,269,1,0
SKU_47,2021-01-31,205,0,0
SKU_47,2021-02-28,205,0,0
SKU_47,2021-03-31,348,1,1
SKU_47,2021-04-30,210,0,0
SKU_47,2021-05-31,302,1,0
SKU_47,2021-06-30,212,0,0
SKU_47,2021-07-31,247,0,0
SKU_47,2021-08-31,314,1,0
SKU_47,2021-09-30,210,0,0
SKU_47,2021-10-31,360,1,0
SKU_47,2021-11-30,226,0,0
SKU_47,2021-12-31,347,0,0
SKU_47,2022-01-31,272,0,0
SKU_47,2022-02-28,245,0,0
SKU_47,2022-03-31,345,1,0
SKU_47,2022-04-30,201,0,0
SKU_47,2022-05-31,238,0,0
SKU_47,2022-06-30,207,0,0
SKU_47,2022-07-31,244,0,0
SKU_47,2022-08-31,249,0,0
SKU_47,2022-09-30,278,0,0
SKU_47,2022-10-31,228,0,0
SKU_47,2022-11-30,317,1,0
SKU_47,2022-12-31,278,0,1
SKU_48,2021-01-31,256,0,0
SKU_48,2021-02-28,289,0,0
SKU_48,2021-03-31,282,0,0
SKU_48,2021-04-30,285,0,0
SKU_48,2021-05-31,327,1,0
SKU_48,2021-06-30,309,0,0
SKU_48,2021-07-31,244,0,0
SKU_48,2021-08-31,263,0,0
SKU_48,2021-09-30,286,0,0
SKU_48,2021-10-31,239,0,0
SKU_48,2021-11-30,306,0,0
SKU_48,2021-12-31,421,0,1
SKU_48,2022-01-31,274,0,0
SKU_48,2022-02-28,285,0,0
SKU_48,2022-03-31,293,0,0
SKU_48,2022-04-30,319,0,0
SKU_48,2022-05-31,290,0,0
SKU_48,2022-06-30,262,0,0
SKU_48,2022-07-31,248,0,0
SKU_48,2022-08-31,279,0,0
SKU_48,2022-09-30,312,0,0
SKU_48,2022-10-31,300,0,1
SKU_48,2022-11-30,316,0,0
SKU_48,2022-12-31,471,0,0
SKU_49,2021-01-31,90,0,0
SKU_49,2021-02-28,120,0,1
SKU_49,2021-03-31,90,0,0
SKU_49,2021-04-30,111,0,0
SKU_49,2021-05-31,162,1,0
SKU_49,2021-06-30,95,0,0
SKU_49,2021-07-31,113,0,0
SKU_49,2021-08-31,126,0,0
SKU_49,2021-09-30,134,1,0
SKU_49,2021-10-31,111,0,0
SKU_49,2021-11-30,96,0,0
SKU_49,2021-12-31,163,0,0
SKU_49,2022-01-31,164,1,0
SKU_49,2022-02-28,117,0,0
SKU_49,2022-03-31,145,1,0
SKU_49,2022-04-30,105,0,0
SKU_49,2022-05-31,92,0,1
SKU_49,2022-06-30,109,0,0
SKU_49,2022-07-31,100,0,0
SKU_49,2022-08-31,122,0,0
SKU_49,2022-09-30,93,0,1
SKU_49,2022-10-31,111,0,0
SKU_49,2022-11-30,103,0,1
SKU_49,2022-12-31,157,0,0
SKU_50,2021-01-31,307,0,0
SKU_50,2021-02-28,418,1,0
SKU_50,2021-03-31,444,0,0
SKU_50,2021-04-30,329,0,0
SKU_50,2021-05-31,319,0,1
SKU_50,2021-06-30,325,0,0
SKU_50,2021-07-31,595,1,0
SKU_50,2021-08-31,281,0,0
SKU_50,2021-09-30,336,0,0
SKU_50,2021-10-31,346,0,0
SKU_50,2021-11-30,335,0,0
SKU_50,2021-12-31,620,1,0
SKU_50,2022-01-31,392,0,0
SKU_50,2022-02-28,315,0,0
SKU_50,2022-03-31,371,0,0
SKU_50,2022-04-30,317,0,0
SKU_50,2022-05-31,369,0,0
SKU_50,2022-06-30,314,0,0
SKU_50,2022-07-31,311,0,0
SKU_50,2022-08-31,500,1,0
SKU_50,2022-09-30,400,0,0
SKU_50,2022-10-31,381,0,0
SKU_50,2022-11-30,358,0,0
SKU_50,2022-12-31,541,0,0
SKU_51,2021-01-31,214,0,0
SKU_51,2021-02-28,201,0,0
SKU_51,2021-03-31,250,0,1
SKU_51,2021-04-30,184,0,0
SKU_51,2021-05-31,195,0,0
SKU_51,2021-06-30,206,0,1
SKU_51,2021-07-31,198,0,0
SKU_51,2021-08-31,198,0,0
SKU_51,2021-09-30,231,0,0
SKU_51,2021-10-31,212,0,0
SKU_51,2021-11-30,306,1,0
SKU_51,2021-12-31,385,0,0
SKU_51,2022-01-31,247,1,0
SKU_51,2022-02-28,230,0,0
SKU_51,2022-03-31,231,0,0
SKU_51,2022-04-30,246,0,0
SKU_51,2022-05-31,165,0,0
SKU_51,2022-06-30,234,0,0
SKU_51,2022-07-31,351,1,0
SKU_51,2022-08-31,209,0,0
SKU_51,2022-09-30,224,0,0
SKU_51,2022-10-31,212,0,0
SKU_51,2022-11-30,235,0,1
SKU_51,2022-12-31,312,0,0
SKU_52,2021-01-31,701,1,0
SKU_52,2021-02-28,439,0,0
SKU_52,2021-03-31,499,0,0
SKU_52,2021-04-30,488,0,0
SKU_52,2021-05-31,438,0,0
SKU_52,2021-06-30,517,0,1
SKU_52,2021-07-31,341,0,0
SKU_52,2021-08-31,444,0,0
SKU_52,2021-09-30,431,0,0
SKU_52,2021-10-31,423,0,0
SKU_52,2021-11-30,480,0,0
SKU_52,2021-12-31,674,0,0
SKU_52,2022-01-31,736,1,0
SKU_52,2022-02-28,481,0,0
SKU_52,2022-03-31,396,0,0
SKU_52,2022-04-30,819,1,0
SKU_52,2022-05-31,693,1,0
SKU_52,2022-06-30,546,0,0
SKU_52,2022-07-31,464,0,0
SKU_52,2022-08-31,477,0,0
SKU_52,2022-09-30,329,0,0
SKU_52,2022-10-31,417,0,0
SKU_52,2022-11-30,490,0,1
SKU_52,2022-12-31,989,1,0
SKU_53,2021-01-31,257,0,0
SKU_53,2021-02-28,221,0,0
SKU_53,2021-03-31,251,0,0
SKU_53,2021-04-30,350,1,0
SKU_53,2021-05-31,326,1,0
SKU_53,2021-06-30,251,0,0
SKU_53,2021-07-31,300,0,0
SKU_53,2021-08-31,406,1,0
SKU_53,2021-09-30,349,1,0
SKU_53,2021-10-31,246,0,0
SKU_53,2021-11-30,242,0,0
SKU_53,2021-12-31,360,0,1
SKU_53,2022-01-31,240,0,0
SKU_53,2022-02-28,255,0,0
SKU_53,2022-03-31,341,1,0
SKU_53,2022-04-30,254,0,0
SKU_53,2022-05-31,300,0,0
SKU_53,2022-06-30,260,0,0
SKU_53,2022-07-31,278,0,0
SKU_53,2022-08-31,240,0,0
SKU_53,2022-09-30,254,0,0
SKU_53,2022-10-31,228,0,0
SKU_53,2022-11-30,192,0,0
SKU_53,2022-12-31,429,0,0
SKU_54,2021-01-31,317,1,0
SKU_54,2021-02-28,159,0,0
SKU_54,2021-03-31,189,0,0
SKU_54,2021-04-30,183,0,0
SKU_54,2021-05-31,179,0,0
SKU_54,2021-06-30,210,0,0
SKU_54,2021-07-31,248,1,0
SKU_54,2021-08-31,181,0,1
SKU_54,2021-09-30,175,0,1
SKU_54,2021-10-31,160,0,0
SKU_54,2021-11-30,197,0,1
SKU_54,2021-12-31,284,0,0
SKU_54,2022-01-31,197,0,0
SKU_54,2022-02-28,197,0,0
SKU_54,2022-03-31,205,0,0
SKU_54,2022-04-30,253,1,0
SKU_54,2022-05-31,203,0,0
SKU_54,2022-06-30,300,1,0
SKU_54,2022-07-31,200,0,0
SKU_54,2022-08-31,207,0,0
SKU_54,2022-09-30,192,0,0
SKU_54,2022-10-31,159,0,0
SKU_54,2022-11-30,169,0,0
SKU_54,2022-12-31,285,0,1
SKU_55,2021-01-31,247,0,0
SKU_55,2021-02-28,342,1,0
SKU_55,2021-03-31,253,0,0
SKU_55,2021-04-30,210,0,0
SKU_55,2021-05-31,191,0,1
SKU_55,2021-06-30,282,0,0
SKU_55,2021-07-31,298,1,1
SKU_55,2021-08-31,241,0,0
SKU_55,2021-09-30,274,0,0
SKU_55,2021-10-31,254,0,1
SKU_55,2021-11-30,230,0,0
SKU_55,2021-12-31,403,0,0
SKU_55,2022-01-31,411,1,1
SKU_55,2022-02-28,216,0,0
SKU_55,2022-03-31,278,0,0
SKU_55,2022-04-30,230,0,1
SKU_55,2022-05-31,268,0,0
SKU_55,2022-06-30,403,1,0
SKU_55,2022-07-31,325,0,1
SKU_55,2022-08-31,199,0,0
SKU_55,2022-09-30,233,0,0
SKU_55,2022-10-31,256,0,0
SKU_55,2022-11-30,261,0,0
SKU_55,2022-12-31,352,0,0
SKU_56,2021-01-31,261,1,0
SKU_56,2021-02-28,169,0,0
SKU_56,2021-03-31,276,1,0
SKU_56,2021-04-30,189,0,0
SKU_56,2021-05-31,260,1,0
SKU_56,2021-06-30,169,0,0
SKU_56,2021-07-31,196,0,0
SKU_56,2021-08-31,201,0,0
SKU_56,2021-09-30,182,0,0
SKU_56,2021-10-31,171,0,0
SKU_56,2021-11-30,164,0,1
SKU_56,2021-12-31,258,0,0
SKU_56,2022-01-31,192,0,0
SKU_56,2022-02-28,181,0,1
SKU_56,2022-03-31,154,0,0
SKU_56,2022-04-30,176,0,1
SKU_56,2022-05-31,194,0,0
SKU_56,2022-06-30,175,0,0
SKU_56,2022-07-31,253,1,0
SKU_56,2022-08-31,180,0,0
SKU_56,2022-09-30,211,1,0
SKU_56,2022-10-31,197,0,0
SKU_56,2022-11-30,172,0,0
SKU_56,2022-12-31,278,0,0
SKU_57,2021-01-31,459,0,0
SKU_57,2021-02-28,444,0,0
SKU_57,2021-03-31,476,0,0
SKU_57,2021-04-30,330,0,0
SKU_57,2021-05-31,407,0,0
SKU_57,2021-06-30,476,0,0
SKU_57,2021-07-31,310,0,1
SKU_57,2021-08-31,426,0,0
SKU_57,2021-09-30,394,0,0
SKU_57,2021-10-31,463,0,0
SKU_57,2021-11-30,375,0,0
SKU_57,2021-12-31,919,1,0
SKU_57,2022-01-31,398,0,0
SKU_57,2022-02-28,381,0,0
SKU_57,2022-03-31,443,0,0
SKU_57,2022-04-30,432,0,0
SKU_57,2022-05-31,587,1,0
SKU_57,2022-06-30,431,0,0
SKU_57,2022-07-31,416,0,0
SKU_57,2022-08-31,383,0,0
SKU_57,2022-09-30,375,0,0
SKU_57,2022-10-31,343,0,0
SKU_57,2022-11-30,345,0,0
SKU_57,2022-12-31,782,1,0
SKU_58,2021-01-31,250,0,1
SKU_58,2021-02-28,230,0,0
SKU_58,2021-03-31,300,0,0
SKU_58,2021-04-30,289,0,0
SKU_58,2021-05-31,276,0,0
SKU_58,2021-06-30,285,0,0
SKU_58,2021-07-31,312,0,0
SKU_58,2021-08-31,312,0,1
SKU_58,2021-09-30,296,0,0
SKU_58,2021-10-31,465,1,0
SKU_58,2021-11-30,269,0,0
SKU_58,2021-12-31,329,0,0
SKU_58,2022-01-31,340,1,0
SKU_58,2022-02-28,294,0,1
SKU_58,2022-03-31,286,0,0
SKU_58,2022-04-30,440,1,0
SKU_58,2022-05-31,414,1,0
SKU_58,2022-06-30,278,0,0
SKU_58,2022-07-31,278,0,0
SKU_58,2022-08-31,280,0,0
SKU_58,2022-09-30,245,0,0
SKU_58,2022-10-31,276,0,0
SKU_58,2022-11-30,263,0,0
SKU_58,2022-12-31,387,0,0
SKU_59,2021-01-31,387,0,0
SKU_59,2021-02-28,413,0,0
SKU_59,2021-03-31,344,0,0
SKU_59,2021-04-30,409,0,0
SKU_59,2021-05-31,365,0,0
SKU_59,2021-06-30,443,0,0
SKU_59,2021-07-31,355,0,0
SKU_59,2021-08-31,597,1,0
SKU_59,2021-09-30,470,0,0
SKU_59,2021-10-31,336,0,0
SKU_59,2021-11-30,411,0,0
SKU_59,2021-12-31,614,0,0
SKU_59,2022-01-31,410,0,0
SKU_59,2022-02-28,372,0,0
SKU_59,2022-03-31,419,0,0
SKU_59,2022-04-30,420,0,0
SKU_59,2022-05-31,375,0,1
SKU_59,2022-06-30,352,0,0
SKU_59,2022-07-31,378,0,0
SKU_59,2022-08-31,378,0,0
SKU_59,2022-09-30,393,0,0
SKU_59,2022-10-31,384,0,1
SKU_59,2022-11-30,366,0,0
SKU_59,2022-12-31,852,1,0
SKU_60,2021-01-31,230,0,0
SKU_60,2021-02-28,244,0,0
SKU_60,2021-03-31,266,0,0
SKU_60,2021-04-30,267,0,0
SKU_60,2021-05-31,266,0,1
SKU_60,2021-06-30,238,0,0
SKU_60,2021-07-31,234,0,0
SKU_60,2021-08-31,214,0,0
SKU_60,2021-09-30,242,0,1
SKU_60,2021-10-31,284,0,0
SKU_60,2021-11-30,225,0,0
SKU_60,2021-12-31,373,0,0
SKU_60,2022-01-31,262,0,1
SKU_60,2022-02-28,234,0,0
SKU_60,2022-03-31,238,0,0
SKU_60,2022-04-30,254,0,0
SKU_60,2022-05-31,215,0,0
SKU_60,2022-06-30,179,0,0
SKU_60,2022-07-31,227,0,0
SKU_60,2022-08-31,273,0,0
SKU_60,2022-09-30,248,0,0
SKU_60,2022-10-31,394,1,0
SKU_60,2022-11-30,235,0,0
SKU_60,2022-12-31,367,0,0
SKU_61,2021-01-31,112,0,0
SKU_61,2021-02-28,109,0,0
SKU_61,2021-03-31,100,0,0
SKU_61,2021-04-30,113,0,0
SKU_61,2021-05-31,96,0,0
SKU_61,2021-06-30,97,0,0
SKU_61,2021-07-31,103,0,0
SKU_61,2021-08-31,154,1,0
SKU_61,2021-09-30,103,0,0
SKU_61,2021-10-31,106,0,1
SKU_61,2021-11-30,90,0,0
SKU_61,2021-12-31,160,0,0
SKU_61,2022-01-31,87,0,0
SKU_61,2022-02-28,104,0,0
SKU_61,2022-03-31,112,0,0
SKU_61,2022-04-30,97,0,0
SKU_61,2022-05-31,99,0,0
SKU_61,2022-06-30,149,1,0
SKU_61,2022-07-31,93,0,1
SKU_61,2022-08-31,149,1,1
SKU_61,2022-09-30,106,0,0
SKU_61,2022-10-31,151,1,0
SKU_61,2022-11-30,98,0,0
SKU_61,2022-12-31,238,1,0
SKU_62,2021-01-31,308,0,0
SKU_62,2021-02-28,363,0,1
SKU_62,2021-03-31,344,0,1
SKU_62,2021-04-30,308,0,0
SKU_62,2021-05-31,352,0,0
SKU_62,2021-06-30,287,0,0
SKU_62,2021-07-31,316,0,0
SKU_62,2021-08-31,268,0,0
SKU_62,2021-09-30,332,0,0
SKU_62,2021-10-31,340,0,0
SKU_62,2021-11-30,401,0,0
SKU_62,2021-12-31,802,1,0
SKU_62,2022-01-31,305,0,0
SKU_62,2022-02-28,359,0,0
SKU_62,2022-03-31,378,0,0
SKU_62,2022-04-30,312,0,0
SKU_62,2022-05-31,343,0,0
SKU_62,2022-06-30,512,1,0
SKU_62,2022-07-31,418,1,0
SKU_62,2022-08-31,328,0,0
SKU_62,2022-09-30,229,0,0
SKU_62,2022-10-31,348,0,0
SKU_62,2022-11-30,366,0,0
SKU_62,2022-12-31,510,0,1
SKU_63,2021-01-31,240,0,0
SKU_63,2021-02-28,394,1,0
SKU_63,2021-03-31,192,0,0
SKU_63,2021-04-30,203,0,0
SKU_63,2021-05-31,255,0,0
SKU_63,2021-06-30,263,0,1
SKU_63,2021-07-31,364,1,0
SKU_63,2021-08-31,224,0,0
SKU_63,2021-09-30,203,0,0
SKU_63,2021-10-31,212,0,0
SKU_63,2021-11-30,335,1,0
SKU_63,2021-12-31,318,0,0
SKU_63,2022-01-31,239,0,0
SKU_63,2022-02-28,241,0,0
SKU_63,2022-03-31,234,0,1
SKU_63,2022-04-30,183,0,0
SKU_63,2022-05-31,249,0,0
SKU_63,2022-06-30,204,0,0
SKU_63,2022-07-31,265,0,0
SKU_63,2022-08-31,201,0,0
SKU_63,2022-09-30,227,0,0
SKU_63,2022-10-31,227,0,0
SKU_63,2022-11-30,232,0,0
SKU_63,2022-12-31,380,0,0
SKU_64,2021-01-31,139,0,0
SKU_64,2021-02-28,120,0,0
SKU_64,2021-03-31,135,0,0
SKU_64,2021-04-30,139,0,0
SKU_64,2021-05-31,122,0,0
SKU_64,2021-06-30,160,0,0
SKU_64,2021-07-31,177,1,0
SKU_64,2021-08-31,153,0,0
SKU_64,2021-09-30,132,0,0
SKU_64,2021-10-31,211,1,0
SKU_64,2021-11-30,185,1,0
SKU_64,2021-12-31,231,0,0
SKU_64,2022-01-31,152,0,1
SKU_64,2022-02-28,136,0,0
SKU_64,2022-03-31,121,0,1
SKU_64,2022-04-30,130,0,0
SKU_64,2022-05-31,134,0,0
SKU_64,2022-06-30,150,0,0
SKU_64,2022-07-31,129,0,0
SKU_64,2022-08-31,147,0,0
SKU_64,2022-09-30,150,0,0
SKU_64,2022-10-31,152,0,0
SKU_64,2022-11-30,120,0,0
SKU_64,2022-12-31,224,0,1
SKU_65,2021-01-31,127,0,0
SKU_65,2021-02-28,138,0,0
SKU_65,2021-03-31,105,0,0
SKU_65,2021-04-30,146,0,0
SKU_65,2021-05-31,108,0,0
SKU_65,2021-06-30,138,0,0
SKU_65,2021-07-31,138,0,0
SKU_65,2021-08-31,131,0,1
SKU_65,2021-09-30,201,1,0
SKU_65,2021-10-31,219,1,1
SKU_65,2021-11-30,129,0,0
SKU_65,2021-12-31,177,0,0
SKU_65,2022-01-31,133,0,0
SKU_65,2022-02-28,202,1,0
SKU_65,2022-03-31,130,0,0
SKU_65,2022-04-30,121,0,0
SKU_65,2022-05-31,128,0,0
SKU_65,2022-06-30,93,0,0
SKU_65,2022-07-31,138,0,1
SKU_65,2022-08-31,196,1,0
SKU_65,2022-09-30,124,0,0
SKU_65,2022-10-31,189,1,0
SKU_65,2022-11-30,120,0,0
SKU_65,2022-12-31,169,0,0
SKU_66,2021-01-31,257,0,0
SKU_66,2021-02-28,314,0,0
SKU_66,2021-03-31,276,0,0
SKU_66,2021-04-30,269,0,0
SKU_66,2021-05-31,328,0,0
SKU_66,2021-06-30,303,0,0
SKU_66,2021-07-31,389,1,0
SKU_66,2021-08-31,449,1,0
SKU_66,2021-09-30,413,1,1
SKU_66,2021-10-31,302,0,0
SKU_66,2021-11-30,374,1,0
SKU_66,2021-12-31,433,0,0
SKU_66,2022-01-31,252,0,0
SKU_66,2022-02-28,304,0,0
SKU_66,2022-03-31,331,0,1
SKU_66,2022-04-30,285,0,0
SKU_66,2022-05-31,302,0,0
SKU_66,2022-06-30,304,0,0
SKU_66,2022-07-31,331,0,0
SKU_66,2022-08-31,458,1,0
SKU_66,2022-09-30,450,1,0
SKU_66,2022-10-31,407,1,0
SKU_66,2022-11-30,240,0,0
SKU_66,2022-12-31,426,0,0
SKU_67,2021-01-31,448,0,0
SKU_67,2021-02-28,426,0,0
SKU_67,2021-03-31,336,0,0
SKU_67,2021-04-30,724,1,0
SKU_67,2021-05-31,399,0,0
SKU_67,2021-06-30,403,0,1
SKU_67,2021-07-31,605,1,0
SKU_67,2021-08-31,404,0,0
SKU_67,2021-09-30,435,0,0
SKU_67,2021-10-31,441,0,0
SKU_67,2021-11-30,463,0,0
SKU_67,2021-12-31,607,0,0
SKU_67,2022-01-31,435,0,0
SKU_67,2022-02-28,402,0,0
SKU_67,2022-03-31,460,0,0
SKU_67,2022-04-30,403,0,0
SKU_67,2022-05-31,463,0,0
SKU_67,2022-06-30,427,0,0
SKU_67,2022-07-31,430,0,0
SKU_67,2022-08-31,466,0,0
SKU_67,2022-09-30,537,0,0
SKU_67,2022-10-31,458,0,0
SKU_67,2022-11-30,617,1,0
SKU_67,2022-12-31,721,0,0
SKU_68,2021-01-31,459,0,1
SKU_68,2021-02-28,503,0,0
SKU_68,2021-03-31,484,0,0
SKU_68,2021-04-30,871,1,0
SKU_68,2021-05-31,447,0,0
SKU_68,2021-06-30,745,1,0
SKU_68,2021-07-31,462,0,0
SKU_68,2021-08-31,769,1,0
SKU_68,2021-09-30,478,0,0
SKU_68,2021-10-31,465,0,0
SKU_68,2021-11-30,405,0,0
SKU_68,2021-12-31,796,0,1
SKU_68,2022-01-31,491,0,0
SKU_68,2022-02-28,493,0,0
SKU_68,2022-03-31,528,0,0
SKU_68,2022-04-30,527,0,0
SKU_68,2022-05-31,474,0,0
SKU_68,2022-06-30,480,0,0
SKU_68,2022-07-31,547,0,0
SKU_68,2022-08-31,675,1,0
SKU_68,2022-09-30,515,0,0
SKU_68,2022-10-31,774,1,0
SKU_68,2022-11-30,486,0,0
SKU_68,2022-12-31,776,0,0
SKU_69,2021-01-31,231,0,0
SKU_69,2021-02-28,207,0,0
SKU_69,2021-03-31,226,0,0
SKU_69,2021-04-30,263,0,0
SKU_69,2021-05-31,270,0,0
SKU_69,2021-06-30,188,0,0
SKU_69,2021-07-31,207,0,0
SKU_69,2021-08-31,290,1,0
SKU_69,2021-09-30,213,0,0
SKU_69,2021-10-31,209,0,0
SKU_69,2021-11-30,329,1,0
SKU_69,2021-12-31,360,0,0
SKU_69,2022-01-31,203,0,0
SKU_69,2022-02-28,284,0,0
SKU_69,2022-03-31,239,0,0
SKU_69,2022-04-30,223,0,0
SKU_69,2022-05-31,233,0,0
SKU_69,2022-06-30,229,0,0
SKU_69,2022-07-31,181,0,0
SKU_69,2022-08-31,261,0,1
SKU_69,2022-09-30,227,0,0
SKU_69,2022-10-31,229,0,0
SKU_69,2022-11-30,212,0,0
SKU_69,2022-12-31,347,0,0
SKU_70,2021-01-31,106,0,0
SKU_70,2021-02-28,127,0,0
SKU_70,2021-03-31,192,1,0
SKU_70,2021-04-30,98,0,0
SKU_70,2021-05-31,109,0,0
SKU_70,2021-06-30,110,0,0
SKU_70,2021-07-31,115,0,0
SKU_70,2021-08-31,125,0,0
SKU_70,2021-09-30,112,0,0
SKU_70,2021-10-31,121,0,0
SKU_70,2021-11-30,161,1,0
SKU_70,2021-12-31,180,0,0
SKU_70,2022-01-31,155,1,0
SKU_70,2022-02-28,106,0,0
SKU_70,2022-03-31,102,0,0
SKU_70,2022-04-30,113,0,0
SKU_70,2022-05-31,156,1,0
SKU_70,2022-06-30,101,0,0
SKU_70,2022-07-31,150,1,0
SKU_70,2022-08-31,94,0,0
SKU_70,2022-09-30,113,0,0
SKU_70,2022-10-31,116,0,0
SKU_70,2022-11-30,117,0,0
SKU_70,2022-12-31,181,0,0
SKU_71,2021-01-31,306,0,0
SKU_71,2021-02-28,353,0,0
SKU_71,2021-03-31,289,0,0
SKU_71,2021-04-30,312,0,0
SKU_71,2021-05-31,307,0,0
SKU_71,2021-06-30,292,0,0
SKU_71,2021-07-31,320,0,0
SKU_71,2021-08-31,325,0,0
SKU_71,2021-09-30,292,0,1
SKU_71,2021-10-31,365,0,0
SKU_71,2021-11-30,240,0,0
SKU_71,2021-12-31,450,0,0
SKU_71,2022-01-31,317,0,0
SKU_71,2022-02-28,307,0,0
SKU_71,2022-03-31,290,0,0
SKU_71,2022-04-30,352,0,0
SKU_71,2022-05-31,263,0,0
SKU_71,2022-06-30,311,0,0
SKU_71,2022-07-31,466,1,0
SKU_71,2022-08-31,397,1,0
SKU_71,2022-09-30,472,1,0
SKU_71,2022-10-31,283,0,0
SKU_71,2022-11-30,300,0,0
SKU_71,2022-12-31,556,0,0
SKU_72,2021-01-31,195,1,0
SKU_72,2021-02-28,129,0,0
SKU_72,2021-03-31,108,0,0
SKU_72,2021-04-30,139,0,0
SKU_72,2021-05-31,135,0,0
SKU_72,2021-06-30,233,1,0
SKU_72,2021-07-31,134,0,0
SKU_72,2021-08-31,116,0,0
SKU_72,2021-09-30,140,0,0
SKU_72,2021-10-31,141,0,0
SKU_72,2021-11-30,152,0,0
SKU_72,2021-12-31,202,0,0
SKU_72,2022-01-31,122,0,0
SKU_72,2022-02-28,125,0,1
SKU_72,2022-03-31,127,0,0
SKU_72,2022-04-30,124,0,0
SKU_72,2022-05-31,154,0,0
SKU_72,2022-06-30,130,0,0
SKU_72,2022-07-31,153,0,0
SKU_72,2022-08-31,141,0,0
SKU_72,2022-09-30,130,0,0
SKU_72,2022-10-31,135,0,0
SKU_72,2022-11-30,141,0,0
SKU_72,2022-12-31,254,0,0
SKU_73,2021-01-31,656,1,0
SKU_73,2021-02-28,396,0,1
SKU_73,2021-03-31,398,0,0
SKU_73,2021-04-30,343,0,0
SKU_73,2021-05-31,439,0,0
SKU_73,2021-06-30,376,0,0
SKU_73,2021-07-31,451,0,1
SKU_73,2021-08-31,416,0,0
SKU_73,2021-09-30,382,0,1
SKU_73,2021-10-31,442,0,0
SKU_73,2021-11-30,401,0,0
SKU_73,2021-12-31,608,0,0
SKU_73,2022-01-31,347,0,0
SKU_73,2022-02-28,343,0,0
SKU_73,2022-03-31,383,0,0
SKU_73,2022-04-30,674,1,1
SKU_73,2022-05-31,601,1,0
SKU_73,2022-06-30,451,0,0
SKU_73,2022-07-31,441,0,0
SKU_73,2022-08-31,524,1,0
SKU_73,2022-09-30,373,0,0
SKU_73,2022-10-31,372,0,1
SKU_73,2022-11-30,393,0,0
SKU_73,2022-12-31,612,0,1
SKU_74,2021-01-31,280,0,0
SKU_74,2021-02-28,302,0,0
SKU_74,2021-03-31,294,0,0
SKU_74,2021-04-30,458,1,0
SKU_74,2021-05-31,318,0,0
SKU_74,2021-06-30,339,0,0
SKU_74,2021-07-31,334,0,0
SKU_74,2021-08-31,390,0,0
SKU_74,2021-09-30,303,0,1
SKU_74,2021-10-31,320,0,0
SKU_74,2021-11-30,364,0,0
SKU_74,2021-12-31,790,1,0
SKU_74,2022-01-31,307,0,0
SKU_74,2022-02-28,297,0,0
SKU_74,2022-03-31,336,0,0
SKU_74,2022-04-30,277,0,0
SKU_74,2022-05-31,253,0,0
SKU_74,2022-06-30,338,0,0
SKU_74,2022-07-31,305,0,0
SKU_74,2022-08-31,301,0,0
SKU_74,2022-09-30,548,1,0
SKU_74,2022-10-31,286,0,0
SKU_74,2022-11-30,298,0,0
SKU_74,2022-12-31,356,0,0
SKU_75,2021-01-31,501,0,0
SKU_75,2021-02-28,744,1,0
SKU_75,2021-03-31,473,0,0
SKU_75,2021-04-30,501,0,0
SKU_75,2021-05-31,482,0,0
SKU_75,2021-06-30,527,0,0
SKU_75,2021-07-31,547,0,0
SKU_75,2021-08-31,506,0,1
SKU_75,2021-09-30,519,0,0
SKU_75,2021-10-31,796,1,1
SKU_75,2021-11-30,417,0,0
SKU_75,2021-12-31,722,0,0
SKU_75,2022-01-31,430,0,0
SKU_75,2022-02-28,465,0,0
SKU_75,2022-03-31,517,0,0
SKU_75,2022-04-30,441,0,0
SKU_75,2022-05-31,673,1,0
SKU_75,2022-06-30,588,0,1
SKU_75,2022-07-31,486,0,1
SKU_75,2022-08-31,648,1,0
SKU_75,2022-09-30,553,0,0
SKU_75,2022-10-31,452,0,0
SKU_75,2022-11-30,767,1,0
SKU_75,2022-12-31,725,0,0
SKU_76,2021-01-31,108,0,0
SKU_76,2021-02-28,179,1,0
SKU_76,2021-03-31,105,0,0
SKU_76,2021-04-30,114,0,0
SKU_76,2021-05-31,102,0,0
SKU_76,2021-06-30,96,0,0
SKU_76,2021-07-31,142,1,0
SKU_76,2021-08-31,115,0,0
SKU_76,2021-09-30,114,0,0
SKU_76,2021-10-31,113,0,0
SKU_76,2021-11-30,100,0,0
SKU_76,2021-12-31,164,0,0
SKU_76,2022-01-31,94,0,0
SKU_76,2022-02-28,102,0,0
SKU_76,2022-03-31,150,1,0
SKU_76,2022-04-30,110,0,0
SKU_76,2022-05-31,101,0,0
SKU_76,2022-06-30,120,0,0
SKU_76,2022-07-31,86,0,0
SKU_76,2022-08-31,101,0,0
SKU_76,2022-09-30,165,1,1
SKU_76,2022-10-31,111,0,0
SKU_76,2022-11-30,92,0,0
SKU_76,2022-12-31,185,0,0
SKU_77,2021-01-31,162,0,0
SKU_77,2021-02-28,152,0,0
SKU_77,2021-03-31,141,0,0
SKU_77,2021-04-30,218,1,0
SKU_77,2021-05-31,160,0,0
SKU_77,2021-06-30,164,0,0
SKU_77,2021-07-31,155,0,0
SKU_77,2021-08-31,150,0,1
SKU_77,2021-09-30,170,0,0
SKU_77,2021-10-31,181,0,0
SKU_77,2021-11-30,274,1,0
SKU_77,2021-12-31,271,0,0
SKU_77,2022-01-31,158,0,0
SKU_77,2022-02-28,158,0,0
SKU_77,2022-03-31,188,0,1
SKU_77,2022-04-30,167,0,0
SKU_77,2022-05-31,160,0,0
SKU_77,2022-06-30,149,0,0
SKU_77,2022-07-31,241,1,0
SKU_77,2022-08-31,240,1,0
SKU_77,2022-09-30,215,1,0
SKU_77,2022-10-31,147,0,0
SKU_77,2022-11-30,140,0,1
SKU_77,2022-12-31,397,1,0
SKU_78,2021-01-31,567,1,0
SKU_78,2021-02-28,398,0,0
SKU_78,2021-03-31,370,0,0
SKU_78,2021-04-30,464,0,0
SKU_78,2021-05-31,335,0,0
SKU_78,2021-06-30,410,0,0
SKU_78,2021-07-31,344,0,0
SKU_78,2021-08-31,378,0,0
SKU_78,2021-09-30,341,0,0
SKU_78,2021-10-31,510,1,0
SKU_78,2021-11-30,344,0,0
SKU_78,2021-12-31,882,1,0
SKU_78,2022-01-31,519,1,1
SKU_78,2022-02-28,415,0,0
SKU_78,2022-03-31,374,0,0
SKU_78,2022-04-30,595,1,0
SKU_78,2022-05-31,431,0,0
SKU_78,2022-06-30,343,0,0
SKU_78,2022-07-31,347,0,1
SKU_78,2022-08-31,352,0,1
SKU_78,2022-09-30,414,0,0
SKU_78,2022-10-31,346,0,0
SKU_78,2022-11-30,342,0,0
SKU_78,2022-12-31,693,0,0
SKU_79,2021-01-31,280,0,1
SKU_79,2021-02-28,266,0,0
SKU_79,2021-03-31,464,1,0
SKU_79,2021-04-30,386,1,0
SKU_79,2021-05-31,288,0,1
SKU_79,2021-06-30,299,0,0
SKU_79,2021-07-31,290,0,0
SKU_79,2021-08-31,463,1,0
SKU_79,2021-09-30,306,0,1
SKU_79,2021-10-31,384,1,0
SKU_79,2021-11-30,326,0,0
SKU_79,2021-12-31,551,1,0
SKU_79,2022-01-31,292,0,0
SKU_79,2022-02-28,290,0,0
SKU_79,2022-03-31,517,1,0
SKU_79,2022-04-30,501,1,0
SKU_79,2022-05-31,230,0,0
SKU_79,2022-06-30,483,1,0
SKU_79,2022-07-31,373,0,1
SKU_79,2022-08-31,349,0,0
SKU_79,2022-09-30,287,0,0
SKU_79,2022-10-31,278,0,0
SKU_79,2022-11-30,341,1,0
SKU_79,2022-12-31,420,0,0
SKU_80,2021-01-31,774,1,0
SKU_80,2021-02-28,792,1,0
SKU_80,2021-03-31,515,0,0
SKU_80,2021-04-30,561,0,0
SKU_80,2021-05-31,516,0,0
SKU_80,2021-06-30,514,0,0
SKU_80,2021-07-31,545,0,0
SKU_80,2021-08-31,497,0,0
SKU_80,2021-09-30,423,0,1
SKU_80,2021-10-31,524,0,0
SKU_80,2021-11-30,412,0,0
SKU_80,2021-12-31,689,0,0
SKU_80,2022-01-31,443,0,0
SKU_80,2022-02-28,480,0,0
SKU_80,2022-03-31,542,0,0
SKU_80,2022-04-30,541,0,0
SKU_80,2022-05-31,548,0,0
SKU_80,2022-06-30,477,0,0
SKU_80,2022-07-31,600,0,0
SKU_80,2022-08-31,602,0,0
SKU_80,2022-09-30,468,0,0
SKU_80,2022-10-31,406,0,0
SKU_80,2022-11-30,528,0,0
SKU_80,2022-12-31,738,0,0
SKU_81,2021-01-31,307,0,0
SKU_81,2021-02-28,334,0,0
SKU_81,2021-03-31,300,0,0
SKU_81,2021-04-30,532,1,1
SKU_81,2021-05-31,304,0,0
SKU_81,2021-06-30,439,1,0
SKU_81,2021-07-31,288,0,1
SKU_81,2021-08-31,262,0,0
SKU_81,2021-09-30,366,0,0
SKU_81,2021-10-31,482,1,1
SKU_81,2021-11-30,318,0,0
SKU_81,2021-12-31,460,0,0
SKU_81,2022-01-31,302,0,0
SKU_81,2022-02-28,249,0,1
SKU_81,2022-03-31,365,0,0
SKU_81,2022-04-30,275,0,0
SKU_81,2022-05-31,311,0,0
SKU_81,2022-06-30,508,1,1
SKU_81,2022-07-31,341,0,1
SKU_81,2022-08-31,370,1,0
SKU_81,2022-09-30,279,0,0
SKU_81,2022-10-31,255,0,0
SKU_81,2022-11-30,337,0,0
SKU_81,2022-12-31,480,0,0
SKU_82,2021-01-31,117,0,0
SKU_82,2021-02-28,128,0,0
SKU_82,2021-03-31,112,0,1
SKU_82,2021-04-30,115,0,0
SKU_82,2021-05-31,185,1,0
SKU_82,2021-06-30,198,1,0
SKU_82,2021-07-31,125,0,0
SKU_82,2021-08-31,105,0,0
SKU_82,2021-09-30,106,0,0
SKU_82,2021-10-31,109,0,0
SKU_82,2021-11-30,86,0,0
SKU_82,2021-12-31,256,1,0
SKU_82,2022-01-31,128,0,0
SKU_82,2022-02-28,137,0,0
SKU_82,2022-03-31,111,0,0
SKU_82,2022-04-30,108,0,1
SKU_82,2022-05-31,124,0,0
SKU_82,2022-06-30,117,0,0
SKU_82,2022-07-31,129,0,0
SKU_82,2022-08-31,178,1,0
SKU_82,2022-09-30,191,1,0
SKU_82,2022-10-31,133,0,1
SKU_82,2022-11-30,115,0,1
SKU_82,2022-12-31,240,1,0
SKU_83,2021-01-31,312,0,0
SKU_83,2021-02-28,297,0,1
SKU_83,2021-03-31,302,0,0
SKU_83,2021-04-30,311,0,0
SKU_83,2021-05-31,257,0,0
SKU_83,2021-06-30,321,0,1
SKU_83,2021-07-31,280,0,0
SKU_83,2021-08-31,281,0,0
SKU_83,2021-09-30,233,0,0
SKU_83,2021-10-31,320,0,0
SKU_83,2021-11-30,257,0,0
SKU_83,2021-12-31,457,0,0
SKU_83,2022-01-31,297,0,0
SKU_83,2022-02-28,289,0,0
SKU_83,2022-03-31,289,0,1
SKU_83,2022-04-30,249,0,0
SKU_83,2022-05-31,333,0,0
SKU_83,2022-06-30,324,0,0
SKU_83,2022-07-31,311,0,0
SKU_83,2022-08-31,264,0,0
SKU_83,2022-09-30,314,0,0
SKU_83,2022-10-31,284,0,0
SKU_83,2022-11-30,294,0,0
SKU_83,2022-12-31,373,0,0
SKU_84,2021-01-31,693,1,0
SKU_84,2021-02-28,544,1,0
SKU_84,2021-03-31,419,0,1
SKU_84,2021-04-30,579,1,0
SKU_84,2021-05-31,411,0,0
SKU_84,2021-06-30,395,0,0
SKU_84,2021-07-31,483,0,0
SKU_84,2021-08-31,443,0,0
SKU_84,2021-09-30,335,0,0
SKU_84,2021-10-31,422,0,0
SKU_84,2021-11-30,456,0,0
SKU_84,2021-12-31,617,0,0
SKU_84,2022-01-31,446,0,1
SKU_84,2022-02-28,435,0,0
SKU_84,2022-03-31,458,0,0
SKU_84,2022-04-30,398,0,0
SKU_84,2022-05-31,363,0,0
SKU_84,2022-06-30,449,0,0
SKU_84,2022-07-31,489,0,0
SKU_84,2022-08-31,706,1,0
SKU_84,2022-09-30,540,1,1
SKU_84,2022-10-31,488,0,0
SKU_84,2022-11-30,411,0,0
SKU_84,2022-12-31,957,1,0
SKU_85,2021-01-31,368,0,0
SKU_85,2021-02-28,363,0,1
SKU_85,2021-03-31,295,0,0
SKU_85,2021-04-30,323,0,0
SKU_85,2021-05-31,378,0,0
SKU_85,2021-06-30,372,0,0
SKU_85,2021-07-31,296,0,0
SKU_85,2021-08-31,500,1,0
SKU_85,2021-09-30,503,1,0
SKU_85,2021-10-31,488,1,0
SKU_85,2021-11-30,384,0,0
SKU_85,2021-12-31,837,1,0
SKU_85,2022-01-31,291,0,0
SKU_85,2022-02-28,257,0,0
SKU_85,2022-03-31,295,0,0
SKU_85,2022-04-30,519,1,0
SKU_85,2022-05-31,393,0,0
SKU_85,2022-06-30,611,1,0
SKU_85,2022-07-31,334,0,0
SKU_85,2022-08-31,292,0,0
SKU_85,2022-09-30,334,0,0
SKU_85,2022-10-31,242,0,0
SKU_85,2022-11-30,458,1,1
SKU_85,2022-12-31,527,0,1
SKU_86,2021-01-31,184,0,0
SKU_86,2021-02-28,173,0,0
SKU_86,2021-03-31,266,1,0
SKU_86,2021-04-30,181,0,0
SKU_86,2021-05-31,188,0,0
SKU_86,2021-06-30,196,0,0
SKU_86,2021-07-31,186,0,0
SKU_86,2021-08-31,250,1,0
SKU_86,2021-09-30,167,0,1
SKU_86,2021-10-31,174,0,1
SKU_86,2021-11-30,179,0,0
SKU_86,2021-12-31,285,0,0
SKU_86,2022-01-31,262,1,0
SKU_86,2022-02-28,251,1,0
SKU_86,2022-03-31,228,1,0
SKU_86,2022-04-30,185,0,0
SKU_86,2022-05-31,129,0,0
SKU_86,2022-06-30,188,0,0
SKU_86,2022-07-31,149,0,0
SKU_86,2022-08-31,257,1,0
SKU_86,2022-09-30,175,0,0
SKU_86,2022-10-31,179,0,0
SKU_86,2022-11-30,173,0,0
SKU_86,2022-12-31,274,0,1
SKU_87,2021-01-31,338,0,1
SKU_87,2021-02-28,398,0,0
SKU_87,2021-03-31,398,0,0
SKU_87,2021-04-30,523,1,0
SKU_87,2021-05-31,370,0,0
SKU_87,2021-06-30,340,0,0
SKU_87,2021-07-31,308,0,0
SKU_87,2021-08-31,329,0,0
SKU_87,2021-09-30,358,0,0
SKU_87,2021-10-31,359,0,0
SKU_87,2021-11-30,356,0,0
SKU_87,2021-12-31,552,0,0
SKU_87,2022-01-31,477,1,0
SKU_87,2022-02-28,279,0,0
SKU_87,2022-03-31,535,1,0
SKU_87,2022-04-30,342,0,0
SKU_87,2022-05-31,540,1,0
SKU_87,2022-06-30,298,0,1
SKU_87,2022-07-31,351,0,0
SKU_87,2022-08-31,476,1,1
SKU_87,2022-09-30,337,0,0
SKU_87,2022-10-31,323,0,0
SKU_87,2022-11-30,321,0,0
SKU_87,2022-12-31,510,0,0
SKU_88,2021-01-31,458,0,0
SKU_88,2021-02-28,427,0,0
SKU_88,2021-03-31,360,0,0
SKU_88,2021-04-30,363,0,0
SKU_88,2021-05-31,538,1,1
SKU_88,2021-06-30,603,1,0
SKU_88,2021-07-31,330,0,0
SKU_88,2021-08-31,359,0,0
SKU_88,2021-09-30,575,1,0
SKU_88,2021-10-31,339,0,0
SKU_88,2021-11-30,352,0,0
SKU_88,2021-12-31,465,0,0
SKU_88,2022-01-31,377,0,0
SKU_88,2022-02-28,373,0,0
SKU_88,2022-03-31,577,1,1
SKU_88,2022-04-30,329,0,0
SKU_88,2022-05-31,357,0,0
SKU_88,2022-06-30,528,1,0
SKU_88,2022-07-31,351,0,0
SKU_88,2022-08-31,648,1,0
SKU_88,2022-09-30,447,0,0
SKU_88,2022-10-31,615,1,0
SKU_88,2022-11-30,362,0,0
SKU_88,2022-12-31,578,0,0
SKU_89,2021-01-31,436,1,0
SKU_89,2021-02-28,334,0,0
SKU_89,2021-03-31,384,0,1
SKU_89,2021-04-30,260,0,0
SKU_89,2021-05-31,282,0,0
SKU_89,2021-06-30,239,0,0
SKU_89,2021-07-31,338,0,0
SKU_89,2021-08-31,350,0,0
SKU_89,2021-09-30,320,0,1
SKU_89,2021-10-31,484,1,0
SKU_89,2021-11-30,523,1,0
SKU_89,2021-12-31,699,1,0
SKU_89,2022-01-31,324,0,0
SKU_89,2022-02-28,538,1,0
SKU_89,2022-03-31,500,1,0
SKU_89,2022-04-30,319,0,0
SKU_89,2022-05-31,466,1,0
SKU_89,2022-06-30,318,0,0
SKU_89,2022-07-31,268,0,0
SKU_89,2022-08-31,284,0,0
SKU_89,2022-09-30,298,0,1
SKU_89,2022-10-31,304,0,0
SKU_89,2022-11-30,341,0,0
SKU_89,2022-12-31,409,0,0
SKU_90,2021-01-31,387,0,0
SKU_90,2021-02-28,391,0,0
SKU_90,2021-03-31,388,0,0
SKU_90,2021-04-30,377,0,0
SKU_90,2021-05-31,327,0,0
SKU_90,2021-06-30,432,0,0
SKU_90,2021-07-31,402,0,1
SKU_90,2021-08-31,422,0,0
SKU_90,2021-09-30,388,0,0
SKU_90,2021-10-31,612,1,0
SKU_90,2021-11-30,403,0,0
SKU_90,2021-12-31,469,0,0
SKU_90,2022-01-31,437,0,0
SKU_90,2022-02-28,340,0,0
SKU_90,2022-03-31,602,1,1
SKU_90,2022-04-30,364,0,0
SKU_90,2022-05-31,400,0,0
SKU_90,2022-06-30,389,0,0
SKU_90,2022-07-31,552,1,0
SKU_90,2022-08-31,395,0,0
SKU_90,2022-09-30,384,0,0
SKU_90,2022-10-31,532,1,0
SKU_90,2022-11-30,381,0,0
SKU_90,2022-12-31,924,1,0
SKU_91,2021-01-31,199,0,0
SKU_91,2021-02-28,202,0,0
SKU_91,2021-03-31,204,0,0
SKU_91,2021-04-30,223,0,0
SKU_91,2021-05-31,204,0,0
SKU_91,2021-06-30,303,1,0
SKU_91,2021-07-31,211,0,0
SKU_91,2021-08-31,197,0,0
SKU_91,2021-09-30,332,1,0
SKU_91,2021-10-31,304,1,0
SKU_91,2021-11-30,258,1,0
SKU_91,2021-12-31,303,0,0
SKU_91,2022-01-31,198,0,0
SKU_91,2022-02-28,229,0,1
SKU_91,2022-03-31,204,0,0
SKU_91,2022-04-30,220,0,1
SKU_91,2022-05-31,205,0,1
SKU_91,2022-06-30,215,0,0
SKU_91,2022-07-31,247,1,0
SKU_91,2022-08-31,191,0,0
SKU_91,2022-09-30,200,0,0
SKU_91,2022-10-31,231,0,0
SKU_91,2022-11-30,329,1,0
SKU_91,2022-12-31,326,0,0
SKU_92,2021-01-31,308,0,1
SKU_92,2021-02-28,314,0,0
SKU_92,2021-03-31,279,0,0
SKU_92,2021-04-30,312,0,0
SKU_92,2021-05-31,406,1,0
SKU_92,2021-06-30,502,1,0
SKU_92,2021-07-31,300,0,0
SKU_92,2021-08-31,312,0,0
SKU_92,2021-09-30,264,0,0
SKU_92,2021-10-31,309,0,0
SKU_92,2021-11-30,447,1,0
SKU_92,2021-12-31,435,0,0
SKU_92,2022-01-31,351,0,0
SKU_92,2022-02-28,318,0,0
SKU_92,2022-03-31,298,0,0
SKU_92,2022-04-30,486,1,0
SKU_92,2022-05-31,306,0,0
SKU_92,2022-06-30,327,0,0
SKU_92,2022-07-31,306,0,0
SKU_92,2022-08-31,293,0,0
SKU_92,2022-09-30,400,0,0
SKU_92,2022-10-31,291,0,0
SKU_92,2022-11-30,535,1,0
SKU_92,2022-12-31,755,1,0
SKU_93,2021-01-31,284,0,1
SKU_93,2021-02-28,215,0,0
SKU_93,2021-03-31,324,1,0
SKU_93,2021-04-30,445,1,0
SKU_93,2021-05-31,294,0,0
SKU_93,2021-06-30,454,1,1
SKU_93,2021-07-31,368,1,0
SKU_93,2021-08-31,209,0,0
SKU_93,2021-09-30,449,1,0
SKU_93,2021-10-31,292,0,0
SKU_93,2021-11-30,446,1,0
SKU_93,2021-12-31,514,0,0
SKU_93,2022-01-31,346,0,0
SKU_93,2022-02-28,347,0,1
SKU_93,2022-03-31,276,0,0
SKU_93,2022-04-30,305,0,1
SKU_93,2022-05-31,317,0,0
SKU_93,2022-06-30,334,0,0
SKU_93,2022-07-31,432,1,0
SKU_93,2022-08-31,291,0,0
SKU_93,2022-09-30,304,0,0
SKU_93,2022-10-31,355,0,0
SKU_93,2022-11-30,291,0,0
SKU_93,2022-12-31,559,1,0
SKU_94,2021-01-31,450,0,0
SKU_94,2021-02-28,432,0,0
SKU_94,2021-03-31,462,0,1
SKU_94,2021-04-30,408,0,1
SKU_94,2021-05-31,656,1,0
SKU_94,2021-06-30,666,1,0
SKU_94,2021-07-31,588,1,0
SKU_94,2021-08-31,371,0,0
SKU_94,2021-09-30,538,1,0
SKU_94,2021-10-31,400,0,0
SKU_94,2021-11-30,536,0,0
SKU_94,2021-12-31,575,0,0
SKU_94,2022-01-31,443,0,0
SKU_94,2022-02-28,625,1,0
SKU_94,2022-03-31,360,0,0
SKU_94,2022-04-30,436,0,0
SKU_94,2022-05-31,386,0,0
SKU_94,2022-06-30,447,0,0
SKU_94,2022-07-31,387,0,0
SKU_94,2022-08-31,451,0,0
SKU_94,2022-09-30,380,0,0
SKU_94,2022-10-31,371,0,0
SKU_94,2022-11-30,640,1,0
SKU_94,2022-12-31,674,0,0
SKU_95,2021-01-31,171,0,0
SKU_95,2021-02-28,219,0,0
SKU_95,2021-03-31,183,0,0
SKU_95,2021-04-30,178,0,0
SKU_95,2021-05-31,168,0,0
SKU_95,2021-06-30,175,0,0
SKU_95,2021-07-31,199,0,0
SKU_95,2021-08-31,196,0,1
SKU_95,2021-09-30,195,0,1
SKU_95,2021-10-31,239,0,0
SKU_95,2021-11-30,240,1,0
SKU_95,2021-12-31,325,0,0
SKU_95,2022-01-31,159,0,0
SKU_95,2022-02-28,157,0,0
SKU_95,2022-03-31,146,0,0
SKU_95,2022-04-30,169,0,0
SKU_95,2022-05-31,157,0,0
SKU_95,2022-06-30,197,0,0
SKU_95,2022-07-31,211,0,0
SKU_95,2022-08-31,172,0,0
SKU_95,2022-09-30,231,0,0
SKU_95,2022-10-31,197,0,0
SKU_95,2022-11-30,188,0,0
SKU_95,2022-12-31,241,0,0
SKU_96,2021-01-31,293,0,0
SKU_96,2021-02-28,288,0,0
SKU_96,2021-03-31,282,0,0
SKU_96,2021-04-30,324,0,0
SKU_96,2021-05-31,300,0,1
SKU_96,2021-06-30,291,0,0
SKU_96,2021-07-31,444,1,0
SKU_96,2021-08-31,270,0,0
SKU_96,2021-09-30,389,1,0
SKU_96,2021-10-31,245,0,0
SKU_96,2021-11-30,279,0,0
SKU_96,2021-12-31,455,0,0
SKU_96,2022-01-31,313,0,0
SKU_96,2022-02-28,297,0,0
SKU_96,2022-03-31,272,0,0
SKU_96,2022-04-30,264,0,0
SKU_96,2022-05-31,424,1,0
SKU_96,2022-06-30,319,0,0
SKU_96,2022-07-31,246,0,0
SKU_96,2022-08-31,259,0,0
SKU_96,2022-09-30,300,0,0
SKU_96,2022-10-31,286,0,0
SKU_96,2022-11-30,282,0,0
SKU_96,2022-12-31,435,0,0
SKU_97,2021-01-31,377,0,0
SKU_97,2021-02-28,404,0,0
SKU_97,2021-03-31,444,0,1
SKU_97,2021-04-30,412,0,0
SKU_97,2021-05-31,438,0,0
SKU_97,2021-06-30,678,1,0
SKU_97,2021-07-31,407,0,0
SKU_97,2021-08-31,374,0,0
SKU_97,2021-09-30,601,1,0
SKU_97,2021-10-31,664,1,0
SKU_97,2021-11-30,522,0,0
SKU_97,2021-12-31,630,0,0
SKU_97,2022-01-31,460,0,0
SKU_97,2022-02-28,435,0,0
SKU_97,2022-03-31,434,0,0
SKU_97,2022-04-30,687,1,1
SKU_97,2022-05-31,518,0,0
SKU_97,2022-06-30,383,0,0
SKU_97,2022-07-31,514,0,0
SKU_97,2022-08-31,609,1,1
SKU_97,2022-09-30,622,1,0
SKU_97,2022-10-31,382,0,0
SKU_97,2022-11-30,699,1,0
SKU_97,2022-12-31,565,0,0
SKU_98,2021-01-31,485,0,0
SKU_98,2021-02-28,370,0,0
SKU_98,2021-03-31,472,0,0
SKU_98,2021-04-30,479,0,0
SKU_98,2021-05-31,434,0,0
SKU_98,2021-06-30,826,1,0
SKU_98,2021-07-31,431,0,0
SKU_98,2021-08-31,550,0,0
SKU_98,2021-09-30,449,0,0
SKU_98,2021-10-31,422,0,1
SKU_98,2021-11-30,465,0,0
SKU_98,2021-12-31,731,0,0
SKU_98,2022-01-31,534,0,0
SKU_98,2022-02-28,727,1,0
SKU_98,2022-03-31,657,1,0
SKU_98,2022-04-30,438,0,0
SKU_98,2022-05-31,396,0,0
SKU_98,2022-06-30,463,0,0
SKU_98,2022-07-31,767,1,0
SKU_98,2022-08-31,511,0,0
SKU_98,2022-09-30,436,0,0
SKU_98,2022-10-31,417,0,0
SKU_98,2022-11-30,440,0,0
SKU_98,2022-12-31,1085,1,0
SKU_99,2021-01-31,429,0,0
SKU_99,2021-02-28,606,1,0
SKU_99,2021-03-31,360,0,0
SKU_99,2021-04-30,381,0,1
SKU_99,2021-05-31,479,1,0
SKU_99,2021-06-30,299,0,0
SKU_99,2021-07-31,367,0,0
SKU_99,2021-08-31,417,0,0
SKU_99,2021-09-30,433,0,0
SKU_99,2021-10-31,349,0,0
SKU_99,2021-11-30,422,0,0
SKU_99,2021-12-31,524,0,0
SKU_99,2022-01-31,564,1,0
SKU_99,2022-02-28,372,0,1
SKU_99,2022-03-31,528,1,0
SKU_99,2022-04-30,346,0,0
SKU_99,2022-05-31,391,0,0
SKU_99,2022-06-30,501,1,0
SKU_99,2022-07-31,404,0,0
SKU_99,2022-08-31,613,1,0
SKU_99,2022-09-30,492,1,0
SKU_99,2022-10-31,393,0,0
SKU_99,2022-11-30,360,0,0
SKU_99,2022-12-31,601,0,0
SKU_100,2021-01-31,263,0,0
SKU_100,2021-02-28,250,0,0
SKU_100,2021-03-31,446,1,0
SKU_100,2021-04-30,234,0,0
SKU_100,2021-05-31,257,0,0
SKU_100,2021-06-30,225,0,0
SKU_100,2021-07-31,221,0,0
SKU_100,2021-08-31,252,0,0
SKU_100,2021-09-30,316,0,0
SKU_100,2021-10-31,245,0,0
SKU_100,2021-11-30,282,0,1
SKU_100,2021-12-31,367,0,0
SKU_100,2022-01-31,277,0,0
SKU_100,2022-02-28,261,0,0
SKU_100,2022-03-31,263,0,0
SKU_100,2022-04-30,273,0,0
SKU_100,2022-05-31,270,0,0
SKU_100,2022-06-30,241,0,0
SKU_100,2022-07-31,269,0,0
SKU_100,2022-08-31,217,0,0
SKU_100,2022-09-30,247,0,1
SKU_100,2022-10-31,263,0,0
SKU_100,2022-11-30,311,0,0
SKU_100,2022-12-31,401,0,0
SKU_101,2021-01-31,214,0,0
SKU_101,2021-02-28,206,0,0
SKU_101,2021-03-31,198,0,0
SKU_101,2021-04-30,252,0,0
SKU_101,2021-05-31,228,0,0
SKU_101,2021-06-30,369,1,0
SKU_101,2021-07-31,191,0,0
SKU_101,2021-08-31,201,0,0
SKU_101,2021-09-30,223,0,0
SKU_101,2021-10-31,208,0,0
SKU_101,2021-11-30,231,0,1
SKU_101,2021-12-31,251,0,0
SKU_101,2022-01-31,199,0,0
SKU_101,2022-02-28,315,1,0
SKU_101,2022-03-31,217,0,0
SKU_101,2022-04-30,218,0,0
SKU_101,2022-05-31,291,1,0
SKU_101,2022-06-30,308,1,1
SKU_101,2022-07-31,220,0,0
SKU_101,2022-08-31,246,0,0
SKU_101,2022-09-30,320,1,0
SKU_101,2022-10-31,246,0,0
SKU_101,2022-11-30,298,1,0
SKU_101,2022-12-31,534,1,0
SKU_102,2021-01-31,472,0,1
SKU_102,2021-02-28,493,0,0
SKU_102,2021-03-31,586,1,0
SKU_102,2021-04-30,477,0,0
SKU_102,2021-05-31,747,1,0
SKU_102,2021-06-30,517,0,0
SKU_102,2021-07-31,481,0,0
SKU_102,2021-08-31,431,0,0
SKU_102,2021-09-30,442,0,0
SKU_102,2021-10-31,662,1,1
SKU_102,2021-11-30,450,0,0
SKU_102,2021-12-31,878,1,0
SKU_102,2022-01-31,411,0,0
SKU_102,2022-02-28,466,0,0
SKU_102,2022-03-31,526,0,0
SKU_102,2022-04-30,411,0,0
SKU_102,2022-05-31,450,0,0
SKU_102,2022-06-30,497,0,0
SKU_102,2022-07-31,571,0,0
SKU_102,2022-08-31,446,0,0
SKU_102,2022-09-30,491,0,0
SKU_102,2022-10-31,477,0,0
SKU_102,2022-11-30,477,0,0
SKU_102,2022-12-31,1259,1,0
SKU_103,2021-01-31,106,0,0
SKU_103,2021-02-28,96,0,0
SKU_103,2021-03-31,126,0,0
SKU_103,2021-04-30,95,0,0
SKU_103,2021-05-31,110,0,0
SKU_103,2021-06-30,98,0,0
SKU_103,2021-07-31,176,1,0
SKU_103,2021-08-31,107,0,0
SKU_103,2021-09-30,119,0,0
SKU_103,2021-10-31,118,0,0
SKU_103,2021-11-30,91,0,0
SKU_103,2021-12-31,176,0,0
SKU_103,2022-01-31,125,0,0
SKU_103,2022-02-28,156,1,0
SKU_103,2022-03-31,122,0,0
SKU_103,2022-04-30,102,0,0
SKU_103,2022-05-31,118,0,1
SKU_103,2022-06-30,162,1,0
SKU_103,2022-07-31,127,0,0
SKU_103,2022-08-31,173,1,0
SKU_103,2022-09-30,119,0,0
SKU_103,2022-10-31,116,0,0
SKU_103,2022-11-30,119,0,0
SKU_103,2022-12-31,251,1,0
SKU_104,2021-01-31,247,0,0
SKU_104,2021-02-28,263,0,0
SKU_104,2021-03-31,364,1,0
SKU_104,2021-04-30,238,0,0
SKU_104,2021-05-31,258,0,0
SKU_104,2021-06-30,212,0,0
SKU_104,2021-07-31,259,0,0
SKU_104,2021-08-31,222,0,0
SKU_104,2021-09-30,235,0,0
SKU_104,2021-10-31,244,0,1
SKU_104,2021-11-30,250,0,0
SKU_104,2021-12-31,387,0,0
SKU_104,2022-01-31,272,0,0
SKU_104,2022-02-28,269,0,0
SKU_104,2022-03-31,235,0,0
SKU_104,2022-04-30,217,0,0
SKU_104,2022-05-31,248,0,0
SKU_104,2022-06-30,393,1,0
SKU_104,2022-07-31,226,0,0
SKU_104,2022-08-31,199,0,0
SKU_104,2022-09-30,229,0,0
SKU_104,2022-10-31,230,0,0
SKU_104,2022-11-30,205,0,0
SKU_104,2022-12-31,305,0,0
SKU_105,2021-01-31,571,1,1
SKU_105,2021-02-28,358,0,1
SKU_105,2021-03-31,390,0,0
SKU_105,2021-04-30,678,1,0
SKU_105,2021-05-31,342,0,0
SKU_105,2021-06-30,359,0,0
SKU_105,2021-07-31,420,0,0
SKU_105,2021-08-31,400,0,0
SKU_105,2021-09-30,406,0,1
SKU_105,2021-10-31,529,1,1
SKU_105,2021-11-30,369,0,0
SKU_105,2021-12-31,635,0,0
SKU_105,2022-01-31,605,1,0
SKU_105,2022-02-28,284,0,0
SKU_105,2022-03-31,373,0,1
SKU_105,2022-04-30,372,0,0
SKU_105,2022-05-31,378,0,0
SKU_105,2022-06-30,369,0,0
SKU_105,2022-07-31,401,0,0
SKU_105,2022-08-31,538,1,0
SKU_105,2022-09-30,377,0,0
SKU_105,2022-10-31,334,0,0
SKU_105,2022-11-30,631,1,0
SKU_105,2022-12-31,854,1,0
SKU_106,2021-01-31,444,0,0
SKU_106,2021-02-28,413,0,0
SKU_106,2021-03-31,374,0,0
SKU_106,2021-04-30,432,0,0
SKU_106,2021-05-31,376,0,0
SKU_106,2021-06-30,579,1,1
SKU_106,2021-07-31,378,0,0
SKU_106,2021-08-31,355,0,0
SKU_106,2021-09-30,415,0,0
SKU_106,2021-10-31,383,0,0
SKU_106,2021-11-30,430,0,0
SKU_106,2021-12-31,543,0,0
SKU_106,2022-01-31,399,0,1
SKU_106,2022-02-28,450,0,0
SKU_106,2022-03-31,657,1,0
SKU_106,2022-04-30,628,1,0
SKU_106,2022-05-31,571,1,0
SKU_106,2022-06-30,580,1,0
SKU_106,2022-07-31,402,0,0
SKU_106,2022-08-31,406,0,0
SKU_106,2022-09-30,382,0,1
SKU_106,2022-10-31,401,0,0
SKU_106,2022-11-30,396,0,0
SKU_106,2022-12-31,580,0,0
SKU_107,2021-01-31,279,0,0
SKU_107,2021-02-28,331,0,0
SKU_107,2021-03-31,354,0,0
SKU_107,2021-04-30,339,0,0
SKU_107,2021-05-31,501,1,1
SKU_107,2021-06-30,345,0,0
SKU_107,2021-07-31,544,1,0
SKU_107,2021-08-31,290,0,0
SKU_107,2021-09-30,322,0,1
SKU_107,2021-10-31,294,0,0
SKU_107,2021-11-30,373,0,0
SKU_107,2021-12-31,507,0,0
SKU_107,2022-01-31,345,0,0
SKU_107,2022-02-28,323,0,0
SKU_107,2022-03-31,346,0,0
SKU_107,2022-04-30,347,0,1
SKU_107,2022-05-31,308,0,0
SKU_107,2022-06-30,364,0,0
SKU_107,2022-07-31,317,0,0
SKU_107,2022-08-31,325,0,0
SKU_107,2022-09-30,365,0,0
SKU_107,2022-10-31,326,0,0
SKU_107,2022-11-30,300,0,0
SKU_107,2022-12-31,464,0,0
SKU_108,2021-01-31,269,0,0
SKU_108,2021-02-28,308,0,0
SKU_108,2021-03-31,457,1,0
SKU_108,2021-04-30,260,0,0
SKU_108,2021-05-31,301,0,0
SKU_108,2021-06-30,254,0,0
SKU_108,2021-07-31,318,0,0
SKU_108,2021-08-31,307,0,0
SKU_108,2021-09-30,276,0,0
SKU_108,2021-10-31,284,0,0
SKU_108,2021-11-30,314,0,0
SKU_108,2021-12-31,453,0,0
SKU_108,2022-01-31,338,0,0
SKU_108,2022-02-28,444,1,0
SKU_108,2022-03-31,302,0,0
SKU_108,2022-04-30,281,0,0
SKU_108,2022-05-31,391,1,0
SKU_108,2022-06-30,231,0,0
SKU_108,2022-07-31,328,0,0
SKU_108,2022-08-31,276,0,0
SKU_108,2022-09-30,286,0,0
SKU_108,2022-10-31,458,1,0
SKU_108,2022-11-30,431,1,1
SKU_108,2022-12-31,442,0,1
SKU_109,2021-01-31,365,0,0
SKU_109,2021-02-28,400,0,0
SKU_109,2021-03-31,401,0,1
SKU_109,2021-04-30,465,0,0
SKU_109,2021-05-31,451,0,0
SKU_109,2021-06-30,717,1,0
SKU_109,2021-07-31,355,0,0
SKU_109,2021-08-31,441,0,0
SKU_109,2021-09-30,514,0,0
SKU_109,2021-10-31,441,0,0
SKU_109,2021-11-30,426,0,0
SKU_109,2021-12-31,612,0,0
SKU_109,2022-01-31,450,0,1
SKU_109,2022-02-28,699,1,0
SKU_109,2022-03-31,443,0,0
SKU_109,2022-04-30,475,0,0
SKU_109,2022-05-31,438,0,0
SKU_109,2022-06-30,649,1,0
SKU_109,2022-07-31,479,0,0
SKU_109,2022-08-31,384,0,0
SKU_109,2022-09-30,484,0,0
SKU_109,2022-10-31,594,1,0
SKU_109,2022-11-30,540,0,0
SKU_109,2022-12-31,821,1,0
SKU_110,2021-01-31,208,0,0
SKU_110,2021-02-28,196,0,0
SKU_110,2021-03-31,217,0,0
SKU_110,2021-04-30,334,1,1
SKU_110,2021-05-31,222,0,0
SKU_110,2021-06-30,218,0,0
SKU_110,2021-07-31,243,0,1
SKU_110,2021-08-31,299,1,0
SKU_110,2021-09-30,347,1,0
SKU_110,2021-10-31,295,1,0
SKU_110,2021-11-30,278,1,0
SKU_110,2021-12-31,317,0,0
SKU_110,2022-01-31,244,0,0
SKU_110,2022-02-28,243,0,1
SKU_110,2022-03-31,229,0,1
SKU_110,2022-04-30,208,0,0
SKU_110,2022-05-31,250,0,0
SKU_110,2022-06-30,206,0,0
SKU_110,2022-07-31,228,0,0
SKU_110,2022-08-31,357,1,0
SKU_110,2022-09-30,215,0,0
SKU_110,2022-10-31,211,0,0
SKU_110,2022-11-30,256,0,1
SKU_110,2022-12-31,286,0,0
SKU_111,2021-01-31,323,1,1
SKU_111,2021-02-28,156,0,0
SKU_111,2021-03-31,192,0,0
SKU_111,2021-04-30,164,0,0
SKU_111,2021-05-31,179,0,0
SKU_111,2021-06-30,153,0,0
SKU_111,2021-07-31,230,1,0
SKU_111,2021-08-31,168,0,1
SKU_111,2021-09-30,158,0,0
SKU_111,2021-10-31,141,0,0
SKU_111,2021-11-30,265,1,0
SKU_111,2021-12-31,255,0,0
SKU_111,2022-01-31,167,0,0
SKU_111,2022-02-28,168,0,0
SKU_111,2022-03-31,151,0,0
SKU_111,2022-04-30,147,0,1
SKU_111,2022-05-31,192,0,1
SKU_111,2022-06-30,178,0,0
SKU_111,2022-07-31,140,0,0
SKU_111,2022-08-31,152,0,0
SKU_111,2022-09-30,176,0,0
SKU_111,2022-10-31,157,0,0
SKU_111,2022-11-30,138,0,0
SKU_111,2022-12-31,220,0,0
SKU_112,2021-01-31,242,0,0
SKU_112,2021-02-28,374,1,1
SKU_112,2021-03-31,214,0,0
SKU_112,2021-04-30,248,0,0
SKU_112,2021-05-31,369,1,0
SKU_112,2021-06-30,333,1,0
SKU_112,2021-07-31,321,1,0
SKU_112,2021-08-31,262,0,0
SKU_112,2021-09-30,203,0,0
SKU_112,2021-10-31,200,0,0
SKU_112,2021-11-30,354,1,0
SKU_112,2021-12-31,324,0,1
SKU_112,2022-01-31,230,0,0
SKU_112,2022-02-28,172,0,0
SKU_112,2022-03-31,251,0,0
SKU_112,2022-04-30,393,1,0
SKU_112,2022-05-31,259,0,0
SKU_112,2022-06-30,206,0,0
SKU_112,2022-07-31,203,0,1
SKU_112,2022-08-31,234,0,0
SKU_112,2022-09-30,229,0,0
SKU_112,2022-10-31,239,0,0
SKU_112,2022-11-30,333,1,0
SKU_112,2022-12-31,426,1,0
SKU_113,2021-01-31,193,0,0
SKU_113,2021-02-28,194,0,0
SKU_113,2021-03-31,227,0,0
SKU_113,2021-04-30,317,1,1
SKU_113,2021-05-31,211,0,1
SKU_113,2021-06-30,240,0,0
SKU_113,2021-07-31,244,0,0
SKU_113,2021-08-31,224,0,1
SKU_113,2021-09-30,215,0,0
SKU_113,2021-10-31,199,0,0
SKU_113,2021-11-30,317,1,0
SKU_113,2021-12-31,341,0,0
SKU_113,2022-01-31,247,0,0
SKU_113,2022-02-28,206,0,0
SKU_113,2022-03-31,255,0,0
SKU_113,2022-04-30,391,1,0
SKU_113,2022-05-31,352,1,0
SKU_113,2022-06-30,244,0,0
SKU_113,2022-07-31,234,0,0
SKU_113,2022-08-31,282,1,0
SKU_113,2022-09-30,231,0,0
SKU_113,2022-10-31,229,0,0
SKU_113,2022-11-30,206,0,0
SKU_113,2022-12-31,399,0,0
SKU_114,2021-01-31,425,0,0
SKU_114,2021-02-28,458,0,0
SKU_114,2021-03-31,373,0,0
SKU_114,2021-04-30,328,0,0
SKU_114,2021-05-31,571,1,0
SKU_114,2021-06-30,409,0,0
SKU_114,2021-07-31,299,0,0
SKU_114,2021-08-31,340,0,0
SKU_114,2021-09-30,369,0,0
SKU_114,2021-10-31,350,0,0
SKU_114,2021-11-30,339,0,0
SKU_114,2021-12-31,611,0,0
SKU_114,2022-01-31,332,0,0
SKU_114,2022-02-28,456,0,0
SKU_114,2022-03-31,330,0,0
SKU_114,2022-04-30,623,1,0
SKU_114,2022-05-31,370,0,0
SKU_114,2022-06-30,399,0,0
SKU_114,2022-07-31,358,0,0
SKU_114,2022-08-31,548,1,0
SKU_114,2022-09-30,392,0,0
SKU_114,2022-10-31,350,0,0
SKU_114,2022-11-30,379,0,0
SKU_114,2022-12-31,612,0,0
SKU_115,2021-01-31,367,0,0
SKU_115,2021-02-28,496,1,0
SKU_115,2021-03-31,433,0,0
SKU_115,2021-04-30,400,0,0
SKU_115,2021-05-31,417,0,0
SKU_115,2021-06-30,360,0,0
SKU_115,2021-07-31,331,0,0
SKU_115,2021-08-31,412,0,0
SKU_115,2021-09-30,366,0,0
SKU_115,2021-10-31,436,0,0
SKU_115,2021-11-30,453,0,0
SKU_115,2021-12-31,566,0,0
SKU_115,2022-01-31,268,0,0
SKU_115,2022-02-28,412,0,0
SKU_115,2022-03-31,419,0,0
SKU_115,2022-04-30,587,1,0
SKU_115,2022-05-31,596,1,0
SKU_115,2022-06-30,345,0,0
SKU_115,2022-07-31,416,0,0
SKU_115,2022-08-31,406,0,0
SKU_115,2022-09-30,435,0,0
SKU_115,2022-10-31,382,0,0
SKU_115,2022-11-30,633,1,0
SKU_115,2022-12-31,684,0,0
SKU_116,2021-01-31,377,0,0
SKU_116,2021-02-28,398,0,0
SKU_116,2021-03-31,457,0,0
SKU_116,2021-04-30,428,0,0
SKU_116,2021-05-31,592,1,0
SKU_116,2021-06-30,425,0,0
SKU_116,2021-07-31,580,1,0
SKU_116,2021-08-31,367,0,0
SKU_116,2021-09-30,368,0,0
SKU_116,2021-10-31,387,0,0
SKU_116,2021-11-30,387,0,0
SKU_116,2021-12-31,495,0,0
SKU_116,2022-01-31,664,1,0
SKU_116,2022-02-28,444,0,1
SKU_116,2022-03-31,686,1,0
SKU_116,2022-04-30,416,0,0
SKU_116,2022-05-31,328,0,0
SKU_116,2022-06-30,438,0,0
SKU_116,2022-07-31,351,0,0
SKU_116,2022-08-31,384,0,0
SKU_116,2022-09-30,640,1,0
SKU_116,2022-10-31,413,0,0
SKU_116,2022-11-30,436,0,0
SKU_116,2022-12-31,897,1,0
SKU_117,2021-01-31,197,1,0
SKU_117,2021-02-28,156,0,0
SKU_117,2021-03-31,155,0,0
SKU_117,2021-04-30,139,0,0
SKU_117,2021-05-31,274,1,0
SKU_117,2021-06-30,166,0,0
SKU_117,2021-07-31,145,0,0
SKU_117,2021-08-31,151,0,0
SKU_117,2021-09-30,180,0,0
SKU_117,2021-10-31,170,0,0
SKU_117,2021-11-30,173,0,0
SKU_117,2021-12-31,216,0,0
SKU_117,2022-01-31,143,0,0
SKU_117,2022-02-28,237,1,0
SKU_117,2022-03-31,164,0,0
SKU_117,2022-04-30,130,0,0
SKU_117,2022-05-31,134,0,0
SKU_117,2022-06-30,165,0,0
SKU_117,2022-07-31,140,0,0
SKU_117,2022-08-31,168,0,0
SKU_117,2022-09-30,163,0,0
SKU_117,2022-10-31,148,0,0
SKU_117,2022-11-30,241,1,0
SKU_117,2022-12-31,237,0,0
SKU_118,2021-01-31,440,0,1
SKU_118,2021-02-28,305,0,0
SKU_118,2021-03-31,428,0,0
SKU_118,2021-04-30,403,0,0
SKU_118,2021-05-31,448,0,0
SKU_118,2021-06-30,560,1,0
SKU_118,2021-07-31,416,0,0
SKU_118,2021-08-31,423,0,0
SKU_118,2021-09-30,595,1,1
SKU_118,2021-10-31,376,0,0
SKU_118,2021-11-30,390,0,0
SKU_118,2021-12-31,545,0,0
SKU_118,2022-01-31,429,0,0
SKU_118,2022-02-28,648,1,1
SKU_118,2022-03-31,426,0,0
SKU_118,2022-04-30,419,0,0
SKU_118,2022-05-31,547,1,0
SKU_118,2022-06-30,477,0,0
SKU_118,2022-07-31,434,0,0
SKU_118,2022-08-31,367,0,0
SKU_118,2022-09-30,440,0,0
SKU_118,2022-10-31,613,1,0
SKU_118,2022-11-30,323,0,0
SKU_118,2022-12-31,605,0,0
SKU_119,2021-01-31,249,0,0
SKU_119,2021-02-28,223,0,0
SKU_119,2021-03-31,215,0,0
SKU_119,2021-04-30,225,0,1
SKU_119,2021-05-31,226,0,0
SKU_119,2021-06-30,270,0,0
SKU_119,2021-07-31,234,0,0
SKU_119,2021-08-31,324,1,0
SKU_119,2021-09-30,399,1,0
SKU_119,2021-10-31,247,0,0
SKU_119,2021-11-30,240,0,0
SKU_119,2021-12-31,388,0,0
SKU_119,2022-01-31,253,0,0
SKU_119,2022-02-28,289,0,0
SKU_119,2022-03-31,261,0,0
SKU_119,2022-04-30,252,0,0
SKU_119,2022-05-31,256,0,0
SKU_119,2022-06-30,232,0,0
SKU_119,2022-07-31,204,0,0
SKU_119,2022-08-31,246,0,1
SKU_119,2022-09-30,271,0,0
SKU_119,2022-10-31,207,0,0
SKU_119,2022-11-30,251,0,0
SKU_119,2022-12-31,605,1,0
SKU_120,2021-01-31,154,0,0
SKU_120,2021-02-28,148,0,0
SKU_120,2021-03-31,130,0,0
SKU_120,2021-04-30,183,0,0
SKU_120,2021-05-31,155,0,0
SKU_120,2021-06-30,204,1,0
SKU_120,2021-07-31,171,0,0
SKU_120,2021-08-31,153,0,1
SKU_120,2021-09-30,130,0,0
SKU_120,2021-10-31,212,1,0
SKU_120,2021-11-30,177,0,0
SKU_120,2021-12-31,361,1,0
SKU_120,2022-01-31,158,0,0
SKU_120,2022-02-28,164,0,0
SKU_120,2022-03-31,179,0,0
SKU_120,2022-04-30,167,0,0
SKU_120,2022-05-31,149,0,0
SKU_120,2022-06-30,134,0,0
SKU_120,2022-07-31,249,1,0
SKU_120,2022-08-31,147,0,0
SKU_120,2022-09-30,157,0,0
SKU_120,2022-10-31,130,0,0
SKU_120,2022-11-30,257,1,0
SKU_120,2022-12-31,236,0,0
SKU_121,2021-01-31,553,0,0
SKU_121,2021-02-28,558,1,1
SKU_121,2021-03-31,369,0,0
SKU_121,2021-04-30,446,0,1
SKU_121,2021-05-31,380,0,0
SKU_121,2021-06-30,638,1,1
SKU_121,2021-07-31,459,0,0
SKU_121,2021-08-31,418,0,0
SKU_121,2021-09-30,423,0,0
SKU_121,2021-10-31,437,0,0
SKU_121,2021-11-30,777,1,0
SKU_121,2021-12-31,695,0,0
SKU_121,2022-01-31,412,0,0
SKU_121,2022-02-28,436,0,0
SKU_121,2022-03-31,369,0,0
SKU_121,2022-04-30,503,0,0
SKU_121,2022-05-31,482,0,0
SKU_121,2022-06-30,457,0,0
SKU_121,2022-07-31,441,0,1
SKU_121,2022-08-31,399,0,0
SKU_121,2022-09-30,495,0,0
SKU_121,2022-10-31,458,0,0
SKU_121,2022-11-30,495,0,0
SKU_121,2022-12-31,702,0,0
SKU_122,2021-01-31,119,0,0
SKU_122,2021-02-28,129,0,0
SKU_122,2021-03-31,114,0,0
SKU_122,2021-04-30,143,0,0
SKU_122,2021-05-31,110,0,0
SKU_122,2021-06-30,119,0,0
SKU_122,2021-07-31,109,0,0
SKU_122,2021-08-31,123,0,0
SKU_122,2021-09-30,105,0,0
SKU_122,2021-10-31,123,0,0
SKU_122,2021-11-30,120,0,0
SKU_122,2021-12-31,159,0,0
SKU_122,2022-01-31,142,0,0
SKU_122,2022-02-28,136,0,0
SKU_122,2022-03-31,107,0,0
SKU_122,2022-04-30,125,0,1
SKU_122,2022-05-31,116,0,0
SKU_122,2022-06-30,134,1,0
SKU_122,2022-07-31,130,0,0
SKU_122,2022-08-31,117,0,0
SKU_122,2022-09-30,208,1,0
SKU_122,2022-10-31,110,0,0
SKU_122,2022-11-30,127,0,0
SKU_122,2022-12-31,239,1,0
SKU_123,2021-01-31,520,0,0
SKU_123,2021-02-28,557,0,0
SKU_123,2021-03-31,516,0,0
SKU_123,2021-04-30,535,0,0
SKU_123,2021-05-31,379,0,0
SKU_123,2021-06-30,556,0,0
SKU_123,2021-07-31,447,0,0
SKU_123,2021-08-31,474,0,0
SKU_123,2021-09-30,480,0,0
SKU_123,2021-10-31,521,0,0
SKU_123,2021-11-30,475,0,0
SKU_123,2021-12-31,684,0,0
SKU_123,2022-01-31,422,0,0
SKU_123,2022-02-28,466,0,0
SKU_123,2022-03-31,536,0,0
SKU_123,2022-04-30,437,0,1
SKU_123,2022-05-31,409,0,0
SKU_123,2022-06-30,495,0,0
SKU_123,2022-07-31,514,0,0
SKU_123,2022-08-31,448,0,1
SKU_123,2022-09-30,514,0,0
SKU_123,2022-10-31,449,0,1
SKU_123,2022-11-30,690,1,0
SKU_123,2022-12-31,1074,1,1
SKU_124,2021-01-31,500,0,0
SKU_124,2021-02-28,560,0,0
SKU_124,2021-03-31,491,0,0
SKU_124,2021-04-30,450,0,0
SKU_124,2021-05-31,678,1,0
SKU_124,2021-06-30,507,0,0
SKU_124,2021-07-31,554,1,0
SKU_124,2021-08-31,515,0,0
SKU_124,2021-09-30,745,1,0
SKU_124,2021-10-31,518,0,0
SKU_124,2021-11-30,712,1,0
SKU_124,2021-12-31,751,0,0
SKU_124,2022-01-31,592,0,0
SKU_124,2022-02-28,630,1,0
SKU_124,2022-03-31,538,0,0
SKU_124,2022-04-30,775,1,0
SKU_124,2022-05-31,490,0,0
SKU_124,2022-06-30,484,0,0
SKU_124,2022-07-31,482,0,0
SKU_124,2022-08-31,506,0,0
SKU_124,2022-09-30,416,0,1
SKU_124,2022-10-31,826,1,0
SKU_124,2022-11-30,437,0,0
SKU_124,2022-12-31,1071,1,0
SKU_125,2021-01-31,132,0,0
SKU_125,2021-02-28,159,1,0
SKU_125,2021-03-31,156,0,1
SKU_125,2021-04-30,183,1,1
SKU_125,2021-05-31,140,0,0
SKU_125,2021-06-30,127,0,0
SKU_125,2021-07-31,131,0,0
SKU_125,2021-08-31,138,0,0
SKU_125,2021-09-30,196,1,0
SKU_125,2021-10-31,138,0,1
SKU_125,2021-11-30,137,0,1
SKU_125,2021-12-31,217,0,0
SKU_125,2022-01-31,152,0,0
SKU_125,2022-02-28,140,0,0
SKU_125,2022-03-31,215,1,0
SKU_125,2022-04-30,148,0,0
SKU_125,2022-05-31,119,0,0
SKU_125,2022-06-30,148,0,0
SKU_125,2022-07-31,151,0,0
SKU_125,2022-08-31,150,0,0
SKU_125,2022-09-30,157,0,0
SKU_125,2022-10-31,162,0,0
SKU_125,2022-11-30,175,1,1
SKU_125,2022-12-31,217,0,0
SKU_126,2021-01-31,278,0,0
SKU_126,2021-02-28,327,0,0
SKU_126,2021-03-31,291,0,0
SKU_126,2021-04-30,367,0,0
SKU_126,2021-05-31,442,1,0
SKU_126,2021-06-30,304,0,0
SKU_126,2021-07-31,258,0,0
SKU_126,2021-08-31,273,0,0
SKU_126,2021-09-30,256,0,0
SKU_126,2021-10-31,272,0,0
SKU_126,2021-11-30,319,0,0
SKU_126,2021-12-31,467,0,0
SKU_126,2022-01-31,342,0,0
SKU_126,2022-02-28,277,0,0
SKU_126,2022-03-31,311,0,0
SKU_126,2022-04-30,480,1,0
SKU_126,2022-05-31,351,0,0
SKU_126,2022-06-30,266,0,0
SKU_126,2022-07-31,319,0,0
SKU_126,2022-08-31,295,0,0
SKU_126,2022-09-30,330,0,0
SKU_126,2022-10-31,300,0,0
SKU_126,2022-11-30,261,0,1
SKU_126,2022-12-31,586,1,0
SKU_127,2021-01-31,398,1,0
SKU_127,2021-02-28,246,0,0
SKU_127,2021-03-31,254,0,1
SKU_127,2021-04-30,227,0,0
SKU_127,2021-05-31,257,0,0
SKU_127,2021-06-30,391,1,1
SKU_127,2021-07-31,212,0,0
SKU_127,2021-08-31,408,1,0
SKU_127,2021-09-30,248,0,0
SKU_127,2021-10-31,286,0,0
SKU_127,2021-11-30,228,0,0
SKU_127,2021-12-31,570,1,1
SKU_127,2022-01-31,232,0,0
SKU_127,2022-02-28,258,0,1
SKU_127,2022-03-31,202,0,0
SKU_127,2022-04-30,263,0,0
SKU_127,2022-05-31,198,0,0
SKU_127,2022-06-30,222,0,0
SKU_127,2022-07-31,338,1,0
SKU_127,2022-08-31,292,1,1
SKU_127,2022-09-30,228,0,0
SKU_127,2022-10-31,266,0,0
SKU_127,2022-11-30,311,0,0
SKU_127,2022-12-31,403,0,0
SKU_128,2021-01-31,329,1,0
SKU_128,2021-02-28,184,0,0
SKU_128,2021-03-31,183,0,0
SKU_128,2021-04-30,169,0,0
SKU_128,2021-05-31,181,0,0
SKU_128,2021-06-30,307,1,0
SKU_128,2021-07-31,179,0,0
SKU_128,2021-08-31,188,0,0
SKU_128,2021-09-30,184,0,0
SKU_128,2021-10-31,181,0,0
SKU_128,2021-11-30,160,0,0
SKU_128,2021-12-31,282,0,0
SKU_128,2022-01-31,211,0,0
SKU_128,2022-02-28,212,0,0
SKU_128,2022-03-31,215,0,0
SKU_128,2022-04-30,193,0,0
SKU_128,2022-05-31,249,1,0
SKU_128,2022-06-30,160,0,0
SKU_128,2022-07-31,177,0,0
SKU_128,2022-08-31,227,0,0
SKU_128,2022-09-30,170,0,0
SKU_128,2022-10-31,191,0,0
SKU_128,2022-11-30,191,0,0
SKU_128,2022-12-31,284,0,1
SKU_129,2021-01-31,349,0,0
SKU_129,2021-02-28,332,0,0
SKU_129,2021-03-31,330,0,0
SKU_129,2021-04-30,496,1,0
SKU_129,2021-05-31,393,0,0
SKU_129,2021-06-30,389,0,0
SKU_129,2021-07-31,330,0,1
SKU_129,2021-08-31,598,1,0
SKU_129,2021-09-30,376,0,0
SKU_129,2021-10-31,379,0,0
SKU_129,2021-11-30,576,1,0
SKU_129,2021-12-31,554,0,0
SKU_129,2022-01-31,535,1,0
SKU_129,2022-02-28,403,0,0
SKU_129,2022-03-31,472,1,1
SKU_129,2022-04-30,310,0,1
SKU_129,2022-05-31,393,0,1
SKU_129,2022-06-30,556,1,0
SKU_129,2022-07-31,456,1,0
SKU_129,2022-08-31,343,0,0
SKU_129,2022-09-30,407,0,0
SKU_129,2022-10-31,362,0,0
SKU_129,2022-11-30,449,1,0
SKU_129,2022-12-31,588,0,0
SKU_130,2021-01-31,286,1,1
SKU_130,2021-02-28,167,0,0
SKU_130,2021-03-31,176,0,1
SKU_130,2021-04-30,184,0,1
SKU_130,2021-05-31,155,0,0
SKU_130,2021-06-30,188,0,0
SKU_130,2021-07-31,150,0,0
SKU_130,2021-08-31,280,1,0
SKU_130,2021-09-30,198,0,0
SKU_130,2021-10-31,184,0,0
SKU_130,2021-11-30,176,0,1
SKU_130,2021-12-31,220,0,0
SKU_130,2022-01-31,294,1,0
SKU_130,2022-02-28,147,0,0
SKU_130,2022-03-31,175,0,0
SKU_130,2022-04-30,190,0,0
SKU_130,2022-05-31,196,0,0
SKU_130,2022-06-30,188,0,1
SKU_130,2022-07-31,147,0,0
SKU_130,2022-08-31,275,1,0
SKU_130,2022-09-30,188,0,0
SKU_130,2022-10-31,172,0,0
SKU_130,2022-11-30,194,0,0
SKU_130,2022-12-31,296,0,0
SKU_131,2021-01-31,583,1,0
SKU_131,2021-02-28,454,0,0
SKU_131,2021-03-31,563,0,0
SKU_131,2021-04-30,542,0,0
SKU_131,2021-05-31,489,0,0
SKU_131,2021-06-30,432,0,0
SKU_131,2021-07-31,476,0,0
SKU_131,2021-08-31,798,1,0
SKU_131,2021-09-30,663,1,1
SKU_131,2021-10-31,464,0,0
SKU_131,2021-11-30,714,1,0
SKU_131,2021-12-31,623,0,0
SKU_131,2022-01-31,470,0,0
SKU_131,2022-02-28,462,0,0
SKU_131,2022-03-31,414,0,0
SKU_131,2022-04-30,425,0,0
SKU_131,2022-05-31,759,1,0
SKU_131,2022-06-30,464,0,0
SKU_131,2022-07-31,447,0,0
SKU_131,2022-08-31,667,1,0
SKU_131,2022-09-30,530,0,0
SKU_131,2022-10-31,509,0,0
SKU_131,2022-11-30,378,0,0
SKU_131,2022-12-31,678,0,0
SKU_132,2021-01-31,151,0,0
SKU_132,2021-02-28,179,0,0
SKU_132,2021-03-31,148,0,0
SKU_132,2021-04-30,144,0,1
SKU_132,2021-05-31,128,0,0
SKU_132,2021-06-30,154,0,0
SKU_132,2021-07-31,174,0,0
SKU_132,2021-08-31,152,0,0
SKU_132,2021-09-30,233,1,0
SKU_132,2021-10-31,146,0,1
SKU_132,2021-11-30,137,0,0
SKU_132,2021-12-31,242,0,0
SKU_132,2022-01-31,145,0,0
SKU_132,2022-02-28,150,0,0
SKU_132,2022-03-31,145,0,0
SKU_132,2022-04-30,139,0,0
SKU_132,2022-05-31,128,0,0
SKU_132,2022-06-30,224,1,0
SKU_132,2022-07-31,145,0,0
SKU_132,2022-08-31,137,0,0
SKU_132,2022-09-30,164,0,0
SKU_132,2022-10-31,201,1,0
SKU_132,2022-11-30,162,0,0
SKU_132,2022-12-31,222,0,0
SKU_133,2021-01-31,292,0,0
SKU_133,2021-02-28,301,0,0
SKU_133,2021-03-31,305,0,0
SKU_133,2021-04-30,295,0,0
SKU_133,2021-05-31,289,0,0
SKU_133,2021-06-30,268,0,1
SKU_133,2021-07-31,218,0,0
SKU_133,2021-08-31,419,1,0
SKU_133,2021-09-30,304,0,0
SKU_133,2021-10-31,323,0,0
SKU_133,2021-11-30,291,0,0
SKU_133,2021-12-31,379,0,0
SKU_133,2022-01-31,438,1,0
SKU_133,2022-02-28,307,0,0
SKU_133,2022-03-31,288,0,0
SKU_133,2022-04-30,406,1,0
SKU_133,2022-05-31,255,0,0
SKU_133,2022-06-30,261,0,0
SKU_133,2022-07-31,399,1,0
SKU_133,2022-08-31,285,0,1
SKU_133,2022-09-30,275,0,0
SKU_133,2022-10-31,279,0,0
SKU_133,2022-11-30,320,0,0
SKU_133,2022-12-31,386,0,0
SKU_134,2021-01-31,284,0,0
SKU_134,2021-02-28,271,0,0
SKU_134,2021-03-31,277,0,0
SKU_134,2021-04-30,326,1,0
SKU_134,2021-05-31,253,0,0
SKU_134,2021-06-30,289,0,0
SKU_134,2021-07-31,281,0,0
SKU_134,2021-08-31,333,1,0
SKU_134,2021-09-30,250,0,1
SKU_134,2021-10-31,405,1,0
SKU_134,2021-11-30,223,0,0
SKU_134,2021-12-31,450,0,0
SKU_134,2022-01-31,249,0,0
SKU_134,2022-02-28,299,0,0
SKU_134,2022-03-31,289,0,0
SKU_134,2022-04-30,252,0,0
SKU_134,2022-05-31,441,1,1
SKU_134,2022-06-30,380,1,0
SKU_134,2022-07-31,248,0,0
SKU_134,2022-08-31,255,0,0
SKU_134,2022-09-30,234,0,1
SKU_134,2022-10-31,268,0,0
SKU_134,2022-11-30,290,0,0
SKU_134,2022-12-31,625,1,0
SKU_135,2021-01-31,312,1,0
SKU_135,2021-02-28,214,0,0
SKU_135,2021-03-31,206,0,0
SKU_135,2021-04-30,180,0,0
SKU_135,2021-05-31,212,0,0
SKU_135,2021-06-30,168,0,0
SKU_135,2021-07-31,176,0,0
SKU_135,2021-08-31,164,0,0
SKU_135,2021-09-30,229,0,0
SKU_135,2021-10-31,198,0,0
SKU_135,2021-11-30,176,0,0
SKU_135,2021-12-31,320,0,0
SKU_135,2022-01-31,181,0,0
SKU_135,2022-02-28,197,0,0
SKU_135,2022-03-31,236,1,0
SKU_135,2022-04-30,199,0,0
SKU_135,2022-05-31,195,0,0
SKU_135,2022-06-30,202,0,1
SKU_135,2022-07-31,194,0,0
SKU_135,2022-08-31,172,0,0
SKU_135,2022-09-30,185,0,0
SKU_135,2022-10-31,171,0,0
SKU_135,2022-11-30,335,1,0
SKU_135,2022-12-31,276,0,0
SKU_136,2021-01-31,243,0,0
SKU_136,2021-02-28,217,0,1
SKU_136,2021-03-31,324,1,0
SKU_136,2021-04-30,214,0,0
SKU_136,2021-05-31,245,0,0
SKU_136,2021-06-30,211,0,0
SKU_136,2021-07-31,226,0,0
SKU_136,2021-08-31,247,0,0
SKU_136,2021-09-30,231,0,0
SKU_136,2021-10-31,231,0,0
SKU_136,2021-11-30,336,1,1
SKU_136,2021-12-31,418,1,0
SKU_136,2022-01-31,213,0,0
SKU_136,2022-02-28,224,0,1
SKU_136,2022-03-31,213,0,0
SKU_136,2022-04-30,237,0,0
SKU_136,2022-05-31,220,0,0
SKU_136,2022-06-30,202,0,0
SKU_136,2022-07-31,217,0,0
SKU_136,2022-08-31,232,0,0
SKU_136,2022-09-30,232,0,0
SKU_136,2022-10-31,334,1,0
SKU_136,2022-11-30,367,1,0
SKU_136,2022-12-31,355,0,0
SKU_137,2021-01-31,681,1,0
SKU_137,2021-02-28,533,0,0
SKU_137,2021-03-31,404,0,0
SKU_137,2021-04-30,522,0,0
SKU_137,2021-05-31,413,0,0
SKU_137,2021-06-30,461,0,0
SKU_137,2021-07-31,483,0,0
SKU_137,2021-08-31,462,0,0
SKU_137,2021-09-30,437,0,0
SKU_137,2021-10-31,404,0,0
SKU_137,2021-11-30,438,0,0
SKU_137,2021-12-31,679,0,0
SKU_137,2022-01-31,631,1,0
SKU_137,2022-02-28,692,1,0
SKU_137,2022-03-31,471,0,0
SKU_137,2022-04-30,436,0,0
SKU_137,2022-05-31,496,0,0
SKU_137,2022-06-30,486,0,0
SKU_137,2022-07-31,482,0,0
SKU_137,2022-08-31,435,0,0
SKU_137,2022-09-30,490,0,0
SKU_137,2022-10-31,477,0,0
SKU_137,2022-11-30,412,0,1
SKU_137,2022-12-31,655,0,1
SKU_138,2021-01-31,706,1,0
SKU_138,2021-02-28,479,0,0
SKU_138,2021-03-31,434,0,0
SKU_138,2021-04-30,470,0,0
SKU_138,2021-05-31,417,0,0
SKU_138,2021-06-30,539,0,0
SKU_138,2021-07-31,432,0,0
SKU_138,2021-08-31,555,0,0
SKU_138,2021-09-30,533,0,1
SKU_138,2021-10-31,758,1,0
SKU_138,2021-11-30,630,1,0
SKU_138,2021-12-31,765,0,0
SKU_138,2022-01-31,440,0,0
SKU_138,2022-02-28,460,0,0
SKU_138,2022-03-31,553,0,0
SKU_138,2022-04-30,491,0,1
SKU_138,2022-05-31,447,0,0
SKU_138,2022-06-30,546,0,0
SKU_138,2022-07-31,538,0,0
SKU_138,2022-08-31,708,1,0
SKU_138,2022-09-30,476,0,0
SKU_138,2022-10-31,700,1,0
SKU_138,2022-11-30,518,0,0
SKU_138,2022-12-31,848,0,0
SKU_139,2021-01-31,508,1,1
SKU_139,2021-02-28,279,0,0
SKU_139,2021-03-31,482,1,0
SKU_139,2021-04-30,313,0,0
SKU_139,2021-05-31,319,0,0
SKU_139,2021-06-30,336,0,0
SKU_139,2021-07-31,380,0,0
SKU_139,2021-08-31,323,0,0
SKU_139,2021-09-30,313,0,0
SKU_139,2021-10-31,305,0,0
SKU_139,2021-11-30,353,0,0
SKU_139,2021-12-31,490,0,0
SKU_139,2022-01-31,360,0,0
SKU_139,2022-02-28,327,0,0
SKU_139,2022-03-31,307,0,0
SKU_139,2022-04-30,337,0,0
SKU_139,2022-05-31,360,0,0
SKU_139,2022-06-30,335,0,0
SKU_139,2022-07-31,311,0,0
SKU_139,2022-08-31,347,0,1
SKU_139,2022-09-30,512,1,1
SKU_139,2022-10-31,290,0,0
SKU_139,2022-11-30,352,0,0
SKU_139,2022-12-31,438,0,0
SKU_140,2021-01-31,375,0,1
SKU_140,2021-02-28,452,0,1
SKU_140,2021-03-31,460,0,0
SKU_140,2021-04-30,372,0,0
SKU_140,2021-05-31,425,0,1
SKU_140,2021-06-30,411,0,1
SKU_140,2021-07-31,413,0,0
SKU_140,2021-08-31,420,0,0
SKU_140,2021-09-30,453,0,0
SKU_140,2021-10-31,400,0,0
SKU_140,2021-11-30,429,0,0
SKU_140,2021-12-31,684,0,1
SKU_140,2022-01-31,414,0,0
SKU_140,2022-02-28,418,0,1
SKU_140,2022-03-31,497,0,0
SKU_140,2022-04-30,514,1,0
SKU_140,2022-05-31,463,0,0
SKU_140,2022-06-30,363,0,0
SKU_140,2022-07-31,412,0,0
SKU_140,2022-08-31,643,1,0
SKU_140,2022-09-30,475,0,0
SKU_140,2022-10-31,577,1,0
SKU_140,2022-11-30,406,0,0
SKU_140,2022-12-31,661,0,0
SKU_141,2021-01-31,141,0,0
SKU_141,2021-02-28,140,0,0
SKU_141,2021-03-31,122,0,0
SKU_141,2021-04-30,93,0,0
SKU_141,2021-05-31,94,0,0
SKU_141,2021-06-30,113,0,0
SKU_141,2021-07-31,121,0,0
SKU_141,2021-08-31,117,0,0
SKU_141,2021-09-30,113,0,0
SKU_141,2021-10-31,135,0,0
SKU_141,2021-11-30,116,0,0
SKU_141,2021-12-31,188,0,0
SKU_141,2022-01-31,139,0,0
SKU_141,2022-02-28,121,0,0
SKU_141,2022-03-31,118,0,1
SKU_141,2022-04-30,126,0,0
SKU_141,2022-05-31,113,0,0
SKU_141,2022-06-30,163,1,0
SKU_141,2022-07-31,92,0,0
SKU_141,2022-08-31,137,0,0
SKU_141,2022-09-30,107,0,0
SKU_141,2022-10-31,141,1,0
SKU_141,2022-11-30,110,0,0
SKU_141,2022-12-31,189,0,0
SKU_142,2021-01-31,547,0,0
SKU_142,2021-02-28,529,0,0
SKU_142,2021-03-31,453,0,0
SKU_142,2021-04-30,434,0,0
SKU_142,2021-05-31,444,0,0
SKU_142,2021-06-30,677,1,0
SKU_142,2021-07-31,504,0,0
SKU_142,2021-08-31,448,0,0
SKU_142,2021-09-30,385,0,0
SKU_142,2021-10-31,741,1,0
SKU_142,2021-11-30,539,0,0
SKU_142,2021-12-31,740,0,1
SKU_142,2022-01-31,511,0,0
SKU_142,2022-02-28,799,1,0
SKU_142,2022-03-31,472,0,0
SKU_142,2022-04-30,490,0,0
SKU_142,2022-05-31,361,0,0
SKU_142,2022-06-30,490,0,0
SKU_142,2022-07-31,440,0,0
SKU_142,2022-08-31,410,0,1
SKU_142,2022-09-30,511,0,0
SKU_142,2022-10-31,548,0,0
SKU_142,2022-11-30,464,0,0
SKU_142,2022-12-31,1009,1,0
SKU_143,2021-01-31,228,0,0
SKU_143,2021-02-28,207,0,0
SKU_143,2021-03-31,202,0,0
SKU_143,2021-04-30,208,0,0
SKU_143,2021-05-31,227,0,0
SKU_143,2021-06-30,211,0,0
SKU_143,2021-07-31,245,0,0
SKU_143,2021-08-31,215,0,0
SKU_143,2021-09-30,238,0,0
SKU_143,2021-10-31,199,0,0
SKU_143,2021-11-30,293,1,0
SKU_143,2021-12-31,327,0,0
SKU_143,2022-01-31,265,0,0
SKU_143,2022-02-28,304,1,0
SKU_143,2022-03-31,272,1,0
SKU_143,2022-04-30,269,1,0
SKU_143,2022-05-31,300,1,0
SKU_143,2022-06-30,253,0,0
SKU_143,2022-07-31,219,0,1
SKU_143,2022-08-31,203,0,1
SKU_143,2022-09-30,202,0,0
SKU_143,2022-10-31,214,0,0
SKU_143,2022-11-30,188,0,0
SKU_143,2022-12-31,268,0,0
SKU_144,2021-01-31,334,0,0
SKU_144,2021-02-28,371,0,0
SKU_144,2021-03-31,625,1,0
SKU_144,2021-04-30,367,0,0
SKU_144,2021-05-31,313,0,0
SKU_144,2021-06-30,561,1,0
SKU_144,2021-07-31,398,0,0
SKU_144,2021-08-31,349,0,0
SKU_144,2021-09-30,318,0,0
SKU_144,2021-10-31,354,0,1
SKU_144,2021-11-30,375,0,0
SKU_144,2021-12-31,754,1,0
SKU_144,2022-01-31,322,0,1
SKU_144,2022-02-28,352,0,0
SKU_144,2022-03-31,292,0,0
SKU_144,2022-04-30,327,0,0
SKU_144,2022-05-31,561,1,0
SKU_144,2022-06-30,370,0,0
SKU_144,2022-07-31,360,0,0
SKU_144,2022-08-31,396,0,0
SKU_144,2022-09-30,531,1,1
SKU_144,2022-10-31,337,0,0
SKU_144,2022-11-30,586,1,0
SKU_144,2022-12-31,579,0,0
SKU_145,2021-01-31,221,0,0
SKU_145,2021-02-28,340,1,0
SKU_145,2021-03-31,245,0,0
SKU_145,2021-04-30,289,0,0
SKU_145,2021-05-31,278,0,0
SKU_145,2021-06-30,255,0,0
SKU_145,2021-07-31,245,0,0
SKU_145,2021-08-31,369,1,0
SKU_145,2021-09-30,224,0,0
SKU_145,2021-10-31,248,0,0
SKU_145,2021-11-30,328,1,1
SKU_145,2021-12-31,559,1,1
SKU_145,2022-01-31,243,0,0
SKU_145,2022-02-28,307,0,0
SKU_145,2022-03-31,231,0,0
SKU_145,2022-04-30,253,0,0
SKU_145,2022-05-31,261,0,0
SKU_145,2022-06-30,258,0,0
SKU_145,2022-07-31,260,0,0
SKU_145,2022-08-31,426,1,0
SKU_145,2022-09-30,221,0,1
SKU_145,2022-10-31,287,0,0
SKU_145,2022-11-30,247,0,0
SKU_145,2022-12-31,395,0,0
SKU_146,2021-01-31,627,1,0
SKU_146,2021-02-28,384,0,0
SKU_146,2021-03-31,378,0,0
SKU_146,2021-04-30,404,0,0
SKU_146,2021-05-31,342,0,0
SKU_146,2021-06-30,540,1,0
SKU_146,2021-07-31,432,0,0
SKU_146,2021-08-31,369,0,1
SKU_146,2021-09-30,364,0,0
SKU_146,2021-10-31,594,1,0
SKU_146,2021-11-30,435,0,0
SKU_146,2021-12-31,868,1,0
SKU_146,2022-01-31,621,1,0
SKU_146,2022-02-28,342,0,0
SKU_146,2022-03-31,367,0,0
SKU_146,2022-04-30,423,0,0
SKU_146,2022-05-31,309,0,0
SKU_146,2022-06-30,542,1,0
SKU_146,2022-07-31,385,0,0
SKU_146,2022-08-31,365,0,0
SKU_146,2022-09-30,439,0,0
SKU_146,2022-10-31,380,0,0
SKU_146,2022-11-30,396,0,0
SKU_146,2022-12-31,1009,1,0
SKU_147,2021-01-31,246,0,0
SKU_147,2021-02-28,264,0,0
SKU_147,2021-03-31,300,0,0
SKU_147,2021-04-30,275,0,0
SKU_147,2021-05-31,238,0,1
SKU_147,2021-06-30,259,0,0
SKU_147,2021-07-31,239,0,0
SKU_147,2021-08-31,269,0,0
SKU_147,2021-09-30,229,0,0
SKU_147,2021-10-31,274,0,0
SKU_147,2021-11-30,230,0,0
SKU_147,2021-12-31,353,0,0
SKU_147,2022-01-31,366,1,0
SKU_147,2022-02-28,230,0,0
SKU_147,2022-03-31,242,0,0
SKU_147,2022-04-30,201,0,1
SKU_147,2022-05-31,224,0,0
SKU_147,2022-06-30,244,0,0
SKU_147,2022-07-31,434,1,0
SKU_147,2022-08-31,214,0,0
SKU_147,2022-09-30,300,1,0
SKU_147,2022-10-31,233,0,0
SKU_147,2022-11-30,258,0,0
SKU_147,2022-12-31,358,0,0
SKU_148,2021-01-31,103,0,0
SKU_148,2021-02-28,154,1,0
SKU_148,2021-03-31,109,0,1
SKU_148,2021-04-30,162,1,0
SKU_148,2021-05-31,97,0,1
SKU_148,2021-06-30,85,0,0
SKU_148,2021-07-31,108,0,0
SKU_148,2021-08-31,109,0,1
SKU_148,2021-09-30,79,0,1
SKU_148,2021-10-31,110,0,0
SKU_148,2021-11-30,104,0,0
SKU_148,2021-12-31,234,1,0
SKU_148,2022-01-31,95,0,1
SKU_148,2022-02-28,107,0,0
SKU_148,2022-03-31,103,0,0
SKU_148,2022-04-30,125,0,0
SKU_148,2022-05-31,107,0,0
SKU_148,2022-06-30,96,0,0
SKU_148,2022-07-31,101,0,1
SKU_148,2022-08-31,104,0,0
SKU_148,2022-09-30,111,0,0
SKU_148,2022-10-31,104,0,0
SKU_148,2022-11-30,106,0,0
SKU_148,2022-12-31,204,1,0
SKU_149,2021-01-31,272,0,0
SKU_149,2021-02-28,285,0,0
SKU_149,2021-03-31,387,1,0
SKU_149,2021-04-30,262,0,0
SKU_149,2021-05-31,271,0,0
SKU_149,2021-06-30,306,0,0
SKU_149,2021-07-31,293,0,0
SKU_149,2021-08-31,322,0,0
SKU_149,2021-09-30,476,1,0
SKU_149,2021-10-31,265,0,1
SKU_149,2021-11-30,377,1,1
SKU_149,2021-12-31,442,0,0
SKU_149,2022-01-31,465,1,0
SKU_149,2022-02-28,239,0,0
SKU_149,2022-03-31,283,0,0
SKU_149,2022-04-30,249,0,0
SKU_149,2022-05-31,332,0,0
SKU_149,2022-06-30,250,0,0
SKU_149,2022-07-31,263,0,1
SKU_149,2022-08-31,424,1,0
SKU_149,2022-09-30,317,0,0
SKU_149,2022-10-31,271,0,0
SKU_149,2022-11-30,312,0,0
SKU_149,2022-12-31,499,0,0
SKU_150,2021-01-31,171,0,0
SKU_150,2021-02-28,246,1,0
SKU_150,2021-03-31,194,0,0
SKU_150,2021-04-30,267,1,0
SKU_150,2021-05-31,161,0,0
SKU_150,2021-06-30,192,0,0
SKU_150,2021-07-31,159,0,1
SKU_150,2021-08-31,185,0,0
SKU_150,2021-09-30,164,0,0
SKU_150,2021-10-31,179,0,0
SKU_150,2021-11-30,141,0,0
SKU_150,2021-12-31,353,1,0
SKU_150,2022-01-31,175,0,1
SKU_150,2022-02-28,167,0,0
SKU_150,2022-03-31,157,0,0
SKU_150,2022-04-30,139,0,0
SKU_150,2022-05-31,162,0,0
SKU_150,2022-06-30,161,0,0
SKU_150,2022-07-31,165,0,0
SKU_150,2022-08-31,145,0,0
SKU_150,2022-09-30,178,0,0
SKU_150,2022-10-31,213,0,0
SKU_150,2022-11-30,173,0,0
SKU_150,2022-12-31,253,0,0
